address,name,usage
24UHDUSCBLZIFMOYYSTHJ7KUS4HYT2WHSUXIHIFZTE3FBZ5TA3IATYUI64,Tinyman,ROTTIE/ALGO Liquidity Pool
25INQKCOLJXXOQJQNCA4DGJNFXOENP24C252O263Q5A4HJGMBF7FZXYFVI,Tinyman,GOATS/ALGO Liquidity Pool
275MS5QOBOD7GLR673MRCC6VINCGO4GKXBK5WR5TRJXN7JIE4U2A34STJU,Tinyman,DRUD/ALGO Liquidity Pool
2A6DAJIPRPRDBENVJS5M22P3ONG3OPSDFZTCRVK2GYGF6MF2YLSFKQCPTA,Tinyman,SDC/ALGO Liquidity Pool
2AIPLES4N2DMKXS7DYX5CW4MKBH5O7WE4H7HCIRY4KEAN75FYTDCEI2RHI,Tinyman,PHM/ALGO Liquidity Pool
2DHXRTTUL7B5JIHN7MVRY42ETZYBWDPJAZM5KYCCARQLMVGBRWY5ONVG4I,Tinyman,DOGB/ALGO Liquidity Pool
2E4CIPD2X2B2SJUYBUXWU5PXFKRCQISX23TS6XBQCHW5UL6RT327E3ACDY,Tinyman,Finite/ALGO Liquidity Pool
2FGCI5PZJ36MCYQNZJMJROY4IDGCEUBCN26IACE2M6SZFR52KCB4JOQAZY,Tinyman,GONALD/ALGO Liquidity Pool
2FJLXZ4QPMN5JFJ635B755Q4VH7AB4QCQA264GAEHJXLMCYEPLOUVODZLM,Tinyman,ZONE/ALGO Liquidity Pool
2FJUOTGBTAAFA52LAEBSZOM37GULL6YT37IKPOFYCDJQHW364Q7YMFKY4Q,Algofi,MOIST/ALGO Liquidity Pool
2FL3Y6UINA3LJTOREJATLN6UH4FZMLNQUPWDHDMPJVSCIDY3ZKLUCO3E5Q,Tinyman,ALGX/ALGO Liquidity Pool
2FL5ENRX4B7KWPE333W24PFRDUHFD3JU6TKTHLK3M2RZ3HVVRDB2A4PA3I,Pact,OCTO/ALGO Liquidity Pool
2I7RKYHBQRHI6HDKJBAGEHJZNMLCYFPTMQ4QRRTMSZSJYMLUIFX3XREAHI,Pact,Block/ALGO Liquidity Pool
2J2Z6IA337X4SLYRKLBLR4YPXLWARHRYQCK2I7J4N34UOCH6R3GE3MBNEM,Tinyman,AMV/ALGO Liquidity Pool
2JA3E5DBP3S4DWSYZZB2EXFOIVRJ6EXI4JTMABGS3A6BFQLPT4LDDFSTVE,Tinyman,SCOUT/ALGO Liquidity Pool
2JKSQ4VSLLTPJB6E7FFKO5BMUUPCBKC75QMCJF4K4JE6URFF2JNJW23V4I,Tinyman,ROOBZ/ALGO Liquidity Pool
2LWMVPHY7A4FE4IP5UQ4XIVVAADS5BF424OWBPUIG3CJYFWJA7GT5GQ3JM,Pact,XET/ALGO Liquidity Pool
2MHY7YSD6UTMONTTQXPXXYBZS5QE5SXZFUFR73HQRRZBXYVMQBXM5OVFUI,Tinyman,ALGX/ALGO Liquidity Pool
2NXIOKFYGGILOXHEUKBIPEBZEWQEHOLBDUQOVLPHPUWXVOWMTPCHQIQ7OU,Tinyman,CLü§°WN/ALGO Liquidity Pool
2PD6XQC344ZFHCYOW4YMEXVU2O53NOJ7NGJA6O5TT7XYSLK5TOYT6VRNBI,Humble Swap,Butts/ALGO Liquidity Pool
2PIFZW53RHCSFSYMCFUBW4XOCXOMB7XOYQSQ6KGT3KVGJTL4HM6COZRNMM,Tinyman,USDC/ALGO Liquidity Pool
2R2PVSBW7QBOAON5OV3474HUDYWRYXKN5TAUOBQRQPDMMSBPWFCKXAVR3Y,Tinyman,KITSU/ALGO Liquidity Pool
2RFT2Q4IVNKBR54MF3WUVNSN3LCKT6SH2Y3333UZPOZSYPIMSU6VMVZDCA,Humble Swap,STBL/ALGO Liquidity Pool
2S5WMV5JVODFUKPZFHYCM6B2ZCBTNZZWHOHWUFUL6T57JDJGJM6QGJAYIA,Tinyman,Nekos/ALGO Liquidity Pool
2SN2DQSVB2S2DCYZIMZ4YADI3TKA3UMKRSIS43ZMNASEGIR4CK3LW7BGCQ,Tinyman,RUB/ALGO Liquidity Pool
2SV26IFGX6XWQXF5KHC7NPDKHGSGAZQFKYOCGD3FMYPNKYHWJUV3OPFIIY,Tinyman,GROW/ALGO Liquidity Pool
2TUBOBZ7CP7EZXFOWULEG5HE6WJ34TT7SBZ5AMHGR222O7RZNBK3I4BUMY,Tinyman,XET/ALGO Liquidity Pool
2TUUNGAWAMZCGTOBWLPVZTXUDTOVOLXYJ6A2XWX5IYX3RS7HSSKML7FJGQ,Tinyman,aFLOKI/ALGO Liquidity Pool
2TWV52T2HCIXEZYVLANIZYQ4CA7Z4YB4I2PTZKGKII3QYJKMGTRXTZ3THY,Tinyman,FairMeme/ALGO Liquidity Pool
2V25IQQBBBJS7YF54QZBYBHPRAIB64YKXHJZ2WQXJI6ZQMA4OCFQHUGMFU,Humble Swap,MADIBA/ALGO Liquidity Pool
2VEJODTD227LZFS5LMYOFT2OSPB2QQHK2PJNXQDTBNQAQHMCS5WJAQDWGQ,Pact,ZONE/ALGO Liquidity Pool
2W2ELRRUAXTV6EGVQEOKIAXOF55G6HATZ42OFMDTYVAM4GBYYHAZHP5E4I,Tinyman,STCK/ALGO Liquidity Pool
2W3RHOYCK6FTDMNUM55SAEGBFRORDR5EV4E4YYI4QEJIOJCWRMUE7C73KE,Tinyman,ARX/ALGO Liquidity Pool
2W65LR7FMU5AJQJZVXWFT465VKRWTLSXHMDCWZ5ER33TQTOFGSNTAA7UGQ,Tinyman,KND/ALGO Liquidity Pool
2XWFEMNACL4K6C4NOMHDIPNECQV5EFXNI442C7KHWZ5VTFXKLINVSDFPVA,Tinyman,YOLK/ALGO Liquidity Pool
2XY23CF5I7E7DA7S56DOBQFIZR7AIFCS6P6TM275QADCZVWNJCDSE37AUM,Tinyman,PGOLD/ALGO Liquidity Pool
2YLUGWPIJGDHEV2XMTCL6WGLRAI5BUUOXBCT7UVKF6CNDF6ZHD64I5VUPY,Tinyman,VIE/ALGO Liquidity Pool
337TU57LZQD6QZTSHDULB2HWUXQBU4IDAXZXR2XJ4RZILPGT2WNHOBGEX4,Tinyman,THKU/ALGO Liquidity Pool
33BKR437YID2NXF4WOIA6OFOH3YPZ2AQXDCCD2WY67VAE5VQ2KOCA4DHH4,Humble Swap,BANANA/ALGO Liquidity Pool
34UK57GUXQJS7RQVGGQOKSCFCVD5XWP4RQIQN5S723C5AR37BWBRFWWSHA,Tinyman,chip/ALGO Liquidity Pool
34YSZEP523HBBZP5PCXXWHLPYVXFEL5IRFQP6WJPHVSPFQAQY6TMJQFQZQ,Tinyman,TENT/ALGO Liquidity Pool
36IDEAPPD7MQPCNB2QX4VIZWQVIUHGNMM3EFVBW3X7XJWY7USQJWQ5BZOA,Tinyman,GBAG/ALGO Liquidity Pool
36OGQUGQ752G2YHA6G33FFN72BEPOGYLJG7UURGESGJSSQQJHXY2FJGMR4,Tinyman,Quatic/ALGO Liquidity Pool
37XX46BHKSZU6OBTMUQIDWLHVOALPPWYXQZYXD2IKMT4GV3DTMFQGMTJNQ,Tinyman,Waifus/ALGO Liquidity Pool
3ASXHW2F7KZZZ2TBT5R7S2PBTIKVW5U5SONTKENSUY4U5WI4RR6NIEWDIY,Tinyman,PURR/ALGO Liquidity Pool
3B5LBSSCB6GOIZ6X3CH6OYZ4JHZK5CKDO6W6Y7Z3BS6XBAHYO2KQJBNCBM,Tinyman,OxA/ALGO Liquidity Pool
3DCCYAPHMMMSYJHBBUFIADZJBRH7NJKYMTAI43UKYG7A5AZ3UWFBJNRPS4,Tinyman,OC/ALGO Liquidity Pool
3GKNIYZOD3WZOH3H5B3WZAJQTUBPRBEIEIWLBDIQX5OXGBTFII6WJR5KRA,Tinyman,SING/ALGO Liquidity Pool
3IIJBPO3S3BJS5PCADTDU5OZQIMHLZ7E2GRURXBRPIQYBNYON5WGZ6KWB4,Tinyman,ICE/ALGO Liquidity Pool
3J7CSRUFNA3CQ3I4BEFORCBE4DYGXVC27KFCBKDLYLZZKYY4WWSI5W6UAU,Tinyman,HEELER/ALGO Liquidity Pool
3L34ZPBJLTOSIPU4RDQD6MOKAF2B74RV465JRZ73NXGSQ7LXO5LIKWUU3M,Humble Swap,VEST/ALGO Liquidity Pool
3PG4IOZMVF4MX2VA6QQ3DBBOKX3KEJ4EXHPQ3LLAATGTASXJFLT6Z3BNLY,Tinyman,FRAC/ALGO Liquidity Pool
3R57TU27FTRCFLYJS7G6QEF64N2WL5XL2BDKOOSEY7ZGW3YXUCPECPAOOA,Tinyman,BEAN/ALGO Liquidity Pool
3RFKRB6QTTHCVWK2DAAEHINW5UU3PSTYOTNQ6ITPE3X7PAZF2P2XXC25NE,Tinyman,GOAN/ALGO Liquidity Pool
3SQRAVJO3GJRD2XN67XOJVU6COUJYW2C2F76PVG6T664FXNTIJMCES5U5E,Humble Swap,GEO/ALGO Liquidity Pool
3U6LVY6V4OEVHYQ6MMFE2EABHMWLLWYHUTFKBUWXOQRXXN42R7PBRTUDLQ,Tinyman,Meme/ALGO Liquidity Pool
3V5FDJ5JE53POKKGATEGDFAECOB3U24QNLFF5MMD5XSEEMFG2HSYIVQ2IQ,Tinyman,AxelR/ALGO Liquidity Pool
3VII4EY6PQ4EK4EKLG42TW5OJLBHIN37SC6CW446I3GHPRD5URGPGRMVLY,Tinyman,DGEN/ALGO Liquidity Pool
3X5OY6D3MGOTZSCA4DGEYWHKSQB7LQRABB3R7BHSLQXZIM23MVCG6KUTCU,Tinyman,CRSD/ALGO Liquidity Pool
3XWKMPQXOKGWDYA6TCLCFUHYAOWCAJ7VVPLPWPYYYQVFZ26Y5WQ7OQYT3I,Tinyman,KANI/ALGO Liquidity Pool
3Y4CY7RVLI4YV4PTPBMMXCPLKV3BMITC6KXDEM7HFOPG4GH4UZVT5YIBQI,Humble Swap,OTSDHBVA/ALGO Liquidity Pool
3YVD7BUBPLFQPO6SWV4Y2MOIMHNV5N7YNCGII3ZJOPOMTCFML5N3ZGCCOU,Tinyman,ANFT/ALGO Liquidity Pool
3Z3FOXBEZBZCLHLMI276A6L57YMQMUMPCE3MJLVAVQR3DATIMDNDTC44ZY,Tinyman,WPC/ALGO Liquidity Pool
43FNLARJBYPBIBVVULIPDUJWJWMJHMKNTGDOWI2GTCAVRSSDG7L6OX2GUI,Tinyman,BUY/ALGO Liquidity Pool
43RH24UURITNFPOTXAGDYBFV3RLWTQ2DAYUM3MGITZ3A2QYOXMXGC7WABI,Pact,PRSMS/ALGO Liquidity Pool
45CGLRVRQV4JBL7NNT2G5XUAZVSV6H7N3DUY7UBMBABFGH26FV7HVYUCPE,Pact,AKTA/ALGO Liquidity Pool
47E6OS72EKW5TGYYIWKQ7CQ6BBKPXP6FNQ4ZAFZFHWBLEMFXB2VPXM5T4U,Pact,BAG/ALGO Liquidity Pool
47KSX7WXAYHXDRBYQ4E2NYPWLKB6TIUEVTKKI6TLNO2YSKY5JD37FJOO6M,Tinyman,DEGEN/ALGO Liquidity Pool
4ADBL4JU6XRWT2DLWMNTQ7V7GLQUVVUQJ5NDWUNGXAJPRW3JGZ7HJUSC4I,Tinyman,Choice/ALGO Liquidity Pool
4AXBS4MTUFQJVVQEAKOCLDGVYUVIPA7I3Y6V7WVMPTACTBWRCW6US5K4M4,Tinyman,BEERS/ALGO Liquidity Pool
4BG2JX4XAD4LLNFYASC3B66UAWA2XIVKYSI5YEOARDO2ODWGEHBIYPCZHU,Tinyman,KyUSD/ALGO Liquidity Pool
4DAZLYGY2YEPE6OIPOXO7SFCWXU2A25IP5KKZADQKNEZWIPDENKR2XB2ZE,Pact,STKE/ALGO Liquidity Pool
4DDYGFU7ZOQLYZXTHD4I3RJBV3IMIK5OWJQV52NDHOOTQBFINEOPNI2HN4,Tinyman,VYBE/ALGO Liquidity Pool
4EPLCZC7E7RGCE2ZKAPJFNLE244SDMUPNG6X4CJZDPJHAYKQDF5B5I7IBY,Tinyman,BTCL/ALGO Liquidity Pool
4EXEHTBVTVTUHT4RIAKP2UMJJQROK2ND6ZFU7LFPUVQPFEFVRE7ZGTUJVI,Tinyman,AAA/ALGO Liquidity Pool
4F4QDAY5VDSNNR3XBTPAQZNXQIGMHCE5L7Z2NKKKMC4YTTJ77JQHQWXYH4,Algofi,YLDY/ALGO Liquidity Pool
4GBLCNK6ETSUEVDVEHKK6U24ND52M3OA6H33AYASEERY4IRRDDGSWSQVTA,Tinyman,FAME/ALGO Liquidity Pool
4HA77LE5WEER2SLX3W53NPMQGRIEKT3AB275Y3JJLX4O7CSSC3KWO4DKNE,Tinyman,Nugz/ALGO Liquidity Pool
4HWEODTI2ZWBTNYDVFPJ2IO6NAW3YU6HHTCGNBURZLKTUQKD7CIUYTGEYY,Tinyman,Flerk/ALGO Liquidity Pool
4IWSTN5ZPHKHMTECYPIN2QBBJVSNJEQDZZEZQUJ2DQTBE3TCJODJXFHUZ4,Tinyman,ZLC/ALGO Liquidity Pool
4IYWVYZC5W4QK2ZM4PEI66PLZXRVEMWD7WUZ2XX77PNGQLTCQWQH7SSCQY,Tinyman,ALGF/ALGO Liquidity Pool
4JGNSW4PHX35GOQDTH554KFL36IZUR3YGBWJOHJO6D7CSP6U4KLWTNJPP4,Pact,Choice/ALGO Liquidity Pool
4JNEDDJ2634FWVF3DRRJFL2IOXMI5J4S36OLQTMGMGRBUSW4SPO3IMZJ4E,Tinyman,TREES/ALGO Liquidity Pool
4JOTP626UVKHWST6FEOCEPIHTUSV2FEULIUK4KFKOE4AC5KYAKYNHZJ3SQ,Tinyman,DIGI/ALGO Liquidity Pool
4KIK3VHPGSQBHD4GU3NDKMQXIR3ZLEPDLE32HA7RLYOSQ7MYVOPCF662YQ,Tinyman,Curry/ALGO Liquidity Pool
4L6JD2RVJIHNOWSJKNE2QQXCJZKIO5ROMOMOEPCUHIQB5Y4A7XXQ2O5GBM,Tinyman,AIAL/ALGO Liquidity Pool
4LPUBLXN3PPGB3NEUOIRLRAKFZ45IMVKAWUUTF56NCJ546RLIQHKFI4VLE,Pact,BLAPU/ALGO Liquidity Pool
4NDYRGNPK3XQJUB5T7ARWJAC3CBZPR2XNIUGGDTWLTLXSF2JQTY7CXWQJM,Pact,YLDY/ALGO Liquidity Pool
4PE4NCV73L26GIUKZPZTIEASAERJQL2E4IFVXPTOPWVQFZ2RHCQW3VU7AM,Tinyman,COSG/ALGO Liquidity Pool
4QDLMVQORYVMBABY2EXGIVK53TBJWURS4PH2OC2TMOGKSZVMTOA6XHHZE4,Tinyman,HDL/ALGO Liquidity Pool
4QRGVMYXQLQUDZGKTVBOGJDQKI6LAIYACQNJTVHM2HLV63SJIAV667W67Q,Tinyman,PEIPEI/ALGO Liquidity Pool
4R5I2GJX4QXXMZQKTR5GHEEIKXC7YT46X45FEA35RNBF373VJ5AE2VSO34,Tinyman,ASWAP/ALGO Liquidity Pool
4SEGJPUE7AUP6PWD35UBCFQXSZVA7DRFZYEGTLCGQHVTKES66G6PJXTTUQ,Pact,MOIST/ALGO Liquidity Pool
4SV6RSYYJOOUPACYGFDQCZW2G6FZQZJKMOJ2NP754NXKAANBPF7DCUYMXI,Tinyman,RegenAg/ALGO Liquidity Pool
4T2LSN65PIJBX6N7GPQZRNOXPP2BN2VCW43Y5X77UPKCIIALTNSW3WXGDE,Algofi,KFL/ALGO Liquidity Pool
4TGVWLCLIQXTZIHZVTRDFW24JMBJPE5VHKKSI3PA2CH4VCW2IPM4CTQCG4,Pact,OUTSYDE/ALGO Liquidity Pool
4TYUCNBDORAMBSH3ZQLG3XICE2FIKWWZXRBVAUG2MXI6Q64UYP72SNDKJM,Tinyman,Goblin/ALGO Liquidity Pool
4UJZ22D3FHSQ3SQCDAU4SK7UZ3G6S4RFZIQ5VV3AJEODWY26LVN3ALJKJA,Tinyman,Templars/ALGO Liquidity Pool
4UTN2AFPQX7PTQL225BBO7B4KQCFNA7ZH4QBUJCDDZZJVP2OMHOSFPFUBU,Tinyman,KFL/ALGO Liquidity Pool
4UXKPL7CZ3VAKEXPTRB6Y636AX6P6ISTEAVHZZFHRAJQSDOLWMF3CVUO6U,Tinyman,NKT/ALGO Liquidity Pool
4WHY32CXBOS3SPAPXGO5PKO6DXEMYH6UJC6ACCIREPB7NGFODOU7UXBPBA,Tinyman,BAT/ALGO Liquidity Pool
4YEBJ3ODTHPJMHFAV43ZNP5JH46KWYVMUOR5CRHM7IITTL7MN6LBQYBKVA,Tinyman,BBA/ALGO Liquidity Pool
4ZIDUDEYAARYEVRQ4SWKB75EQUTT3W66QTNTLP4ZQL7ZA5U56AXW5ACTRM,Tinyman,GM/ALGO Liquidity Pool
4ZK3UPFRJ643ETWSWZ4YJXH3LQTL2FUEI6CIT7HEOVZL6JOECVRMPP34CY,AlgoStake,Airdrop wallet
532ZJEHDHCJFQ2SU6NAPXFZ2MXFCPYBOLCVLDN32GA7XH3BSQUHB2TU6HM,Tinyman,SCT/ALGO Liquidity Pool
53DKDCBIYXJG6ICVB2BQQ5GYTAIMUYMKZ3XY5KYAP2IR42MU4XD7SKMFWU,Tinyman,BANK/ALGO Liquidity Pool
54UTVEAHWMBYB4L4BNLAEJFWBUTLLERTULROEEP7774OK6FUTX4U5NX6RM,Tinyman,USDt/ALGO Liquidity Pool
55O5DNST7PMYPMB2NHXZGAVZOLWMPXEDEWRCRADTVH4QTCGUZZ7IWWBBXY,Pact,RWA/ALGO Liquidity Pool
55TWBBTHQRKVMCJYTRU3YGCXCVMCGPXH7NKH5HU6LYFGPNHAQGGYCDBOSA,Tinyman,BOOM/ALGO Liquidity Pool
56LTTYAYINPBDWUUKPQYF4BE6WVB4ZPKPUA5ZOJV7VTOWHVDHTX5KBIGAY,Humble Swap,$Tokes/ALGO Liquidity Pool
56LW2HRYA7F6SYCQYC27EJIJI3MWV2NZFSKIGZMCAGMCQ6AKW2JYOY4P2Q,Tinyman,ASASTATS/ALGO Liquidity Pool
56MKHKZXT3IXZ7ZSXTI3KSKHZWQ5M4E3OLHT7I3FIWMT6V4MPTTYJYTPOI,Tinyman,aSAITAMA/ALGO Liquidity Pool
56XJVRGFUY5LJMUTRK4EOWOOPMW6HJI73XJVRAIFQZG5774ILJRLSOXKFM,Tinyman,DARKCOIN/ALGO Liquidity Pool
5BSEY2KQDHAKFTS54I2HSWVD75XKFWCVZTLXGCOW6KWYIC7H5DPOTBNBCI,Tinyman,SWIFHAT/ALGO Liquidity Pool
5CTBIBUCWJ4BWNBSWS7BJIZ2E7UK2T7A5PILZAECJSJELGX37YI4MTU7JQ,Tinyman,DC1/ALGO Liquidity Pool
5DINSIIYGMFVNGJYDKNGYUBVABMKJCFJJPND26Z7IZUJE35NTPRSOY7XTI,Tinyman,ALGOBOX/ALGO Liquidity Pool
5DKTLU2FGGVGZYX6YK5XPTCCTGZOPJG4CU7LZYUO5456GVMCCARKE2SLTY,Pact,ARBZ/ALGO Liquidity Pool
5FBTFY6IRJJM5G73EEVOHAKZX2Y7HUVGAEBJ6J45MXMYMWNZXVO2SXWZEQ,Tinyman,REX /ALGO Liquidity Pool
5FRMEXTBKVMFSC7M7P5AMN5QE6NLJ6T4NLJY2BIUHPBLJYD6TF2KODBHIM,Humble Swap,BD/ALGO Liquidity Pool
5HOXSWNURUOAYVIM3IIM4WL5P2YPSUOZ2IROGIT7CEHDC5EZ2L7IGSO4UY,Tinyman,GRASS/ALGO Liquidity Pool
5HQPF2LXO6GDHYULHFP6JULGYOUGX3YN2GEG4XKDLBBOKPCWGDMOB6BCH4,Humble Swap,PURR/ALGO Liquidity Pool
5IGLNOOFPFAPHXWAT2ZJ7RMKN6D6PKOPXGA3KLLRGCVLLFU7HIIZGJMREY,Pact,NIKO/ALGO Liquidity Pool
5KG32BRFSTHTA3UFQ5DV65H2AVGK34UGOSQRCZAIP23ANL7CANR3PDQKIM,Pact,goMINT/ALGO Liquidity Pool
5MJUVKSJO4FH6V6F2IHWXQZD2MCF4GTIMIMZDIYIZM7HIAAHMJSTBVT2UM,Tinyman,DUB/ALGO Liquidity Pool
5MTI2QVJ323ST4GGD52BYIAHB4IJ5WHVRO4W6QGMU6A45XIJQ7THPA4ZYE,Tinyman,ANTS/ALGO Liquidity Pool
5NILR63FAXWYQ6J6D46FZCZSHU3JOIQQS2TYWMW4R7CXSZDH6CSOC7U4VQ,Humble Swap,THC/ALGO Liquidity Pool
5NJTNHRSVUJUEFG7QJUKYUB4QWGZST4NBFFYHAFARNRCOEZOPQR57TJWAU,Tinyman,BAG/ALGO Liquidity Pool
5OMMNSRYEYDI4VGNLIRJ76EKL66JWALVWYHZPZ6UJAJGIP6HBTY2XSITAI,Pact,Tacos/ALGO Liquidity Pool
5SI3CPBSSUPUOA43YOO5DDHCYQJBOGZVEZUX5VUOXW5X7FPX4K5W2XIL5Y,Pact,DBD/ALGO Liquidity Pool
5WSLYLKYVXJYQZ3BAKUB4WP74J2X3FZE3K6GJXHYGBNDCDFCJFM6IVTVGA,Tinyman,BD/ALGO Liquidity Pool
5XQEBPFLVR5WOGZNVSLHVKELRDP2LVVLB44OWZ7WA3JKQ72SYTD6MVZTWI,Tinyman,Planets/ALGO Liquidity Pool
5XWEQ3766GUHCSSWIRGVPAARVLIAR7I7XUT7YZHERH6EUV3Y26PEQ3FZV4,Tinyman,ANML/ALGO Liquidity Pool
5YGPJ4XPEWWUDE7LCXHH6DPVGOQ3S35BB7LA2YYQIYNY5Q6FLNXQI3VU3Q,Tinyman,HNYC/ALGO Liquidity Pool
5ZV4TDGP4EDKZ2CF5ZXBWLRAR2J37Q32LJ7TBAAMWSTMIIPZKEYZGEOLN4,Pact,chip/ALGO Liquidity Pool
63PUGRTSZCBZNHVQTUED6EREBT7FVFGJJZTDADZVYPE73D7QSEIMMCPRA4,Pact,MCAU/ALGO Liquidity Pool
63SUX4DKUIG6UECLRQ3XVRZI6CSYGQWROO5JB7V4B3MVNJGCTSYP5ZIJPU,Algofi,Choice/ALGO Liquidity Pool
644JT4IZ35MXDTYBQXFFML2ASKGP4YVIJS765CIAAYIUVTZUPCOQ4UVPQQ,Tinyman,TLP/ALGO Liquidity Pool
64VSS6IPCDJJ5WP2UEHIWU2ZKFJ4PQJB6ZGD4UO4KTGRKWXM5G4PJ43WRI,Tinyman,ASAi/ALGO Liquidity Pool
65RFD6UAK5P3MKY6KM5IUZ4NATMHJVRMBK6CS4PVITMTHK23LTAEQSZOSI,Tinyman,LUNAR/ALGO Liquidity Pool
66LCE3LNKNUH6DWCRPKHKRBLKGRGCIVHPOULQLFASQS77FGPYJPVYYHGPA,Tinyman,AGLD/ALGO Liquidity Pool
67UIILKOPVE7GMWND4PJGZ4XPM5VLEGZ3XZWZK5IOD257TFGIKELIPRAQE,Tinyman,FLAMINGO/ALGO Liquidity Pool
6DA6URVMFLA7SW2JIAUGCAD2LWZTTRZAJM3GA63BUA436FQ6LBVXE6EGXM,Tinyman,Pup/ALGO Liquidity Pool
6EFHTLTBLYODO72D6BSILGXO7JX4WMHMV4Q7OEU3SMJQWEG3RD6NXQOX6M,Tinyman,BURGER/ALGO Liquidity Pool
6FS7FD2Q6LCSCDDMAQMRZFYRXAC7XATD5XE777TH5HP3CKYRINMF4YNYJA,Tinyman,AKTA/ALGO Liquidity Pool
6HEAQFOPMAG3VU3G2BKMLZH3SVT7MSNUB6YOTKX7UM5NIATGNTUYOXZ4FQ,Tinyman,EURS/ALGO Liquidity Pool
6HSDB262OTVTPDGTJHDWTQPG2W6QWWEM5HF56OTJG4YH6LACV4BOPCY5NQ,Tinyman,goBTC/ALGO Liquidity Pool
6ITDYZUWXSVNF7EIFNO4OIYXADHAG25J75Y6NULFMYHZRJSN5R7U5D6N3A,Tinyman,SPEC/ALGO Liquidity Pool
6JIKNEK57OG4VC3JRMNLEAVTR7CM5JVKCKXAOWA5DREVNI52L7744LMEHY,Pact,goBTC/ALGO Liquidity Pool
6JRMS5GWPSRHBDKNWO46PDVMOLWYURW2VXZEWBR2QOKHOFNR2VLAFDU3TU,Tinyman,OPUL/ALGO Liquidity Pool
6L5YNSIYMVOXPQ3DXAYAWDZQ2SFLFKFLF3OBL45MS5DXXOONFK266KNA2U,Tinyman,PiPhiN/ALGO Liquidity Pool
6LHJDSAO6TLRJOYS5N4T4IX6CD23CKW2BL6EK3NTVEB7FYFVSMKJ7IX2P4,Humble Swap,FINE/ALGO Liquidity Pool
6NAKH5IVZGBDTDEETKV6SLBJNDHZZASX2YO2CUPESH2IPRBN3LSKCH4E2M,Tinyman,gALGO/ALGO Liquidity Pool
6NXX7RGJFLEI3HEQEZXDP73SMQKAPWS4N7CEQJ4IEVONUWYWJLT4NM5QQM,Algofi,goETH/ALGO Liquidity Pool
6PQTRUOXS5LUEXHXZZSUPYGD73QZORKTXCQ7E3OIXA6BDAQV5XTUACEAFY,Pact,$/ALGO Liquidity Pool
6Q2GEZ4TV2CSSL4XWV7Y74X4AOHK7NRYS2ASVU7QKS32SMY6XZZWMTUJ3A,Tinyman,NUGZ/ALGO Liquidity Pool
6QDBEDX42UVBGZR645AVMED4XLEI34Z233FHSJOASDEKUCAW22BAP6JRGE,Tinyman,FAME/ALGO Liquidity Pool
6QZN35GZXDJKLCJJIRYZT4KXMZLUXTQBI3ZASCXRY4I7446Z4CJGR24UJU,Tinyman,PARI/ALGO Liquidity Pool
6R4F4BQ7FFSC3D6T3XKI6F2K2Q7BMPRFUAVYREOHBL354MKAXYCNCQU764,Tinyman,MIT/ALGO Liquidity Pool
6SAXSCH5ADHQIJJ6QOQRXRID3KA7QI4WRVD4W2JM3PZE4ZZJ5S4N7ISKFI,Tinyman,WOOD/ALGO Liquidity Pool
6SEODI4UPFFFJPQIXARSAIY6X3YEYWPQ5YWKQNWC55FEIPMD62VQPGTKOI,Tinyman,SEED/ALGO Liquidity Pool
6SU2F5BTZNYGEO45RTNADH74COD3LIRWUKHGPNXQLNLWNZUZFRPFNCVUAU,Tinyman,RCOIN/ALGO Liquidity Pool
6TC4VKT6QZHX3NC2MXQNGWRGJ23TVXBXJPOR44R7W74LZWONUHBXP2D2AM,Tinyman,TXF/ALGO Liquidity Pool
6TRBVPFL6DZ3I4MGOS6ZESMJCF67CZY6KSKA2QHIZG35F264RYAGQYWRWE,Tinyman,ORDINALS/ALGO Liquidity Pool
6TWLWMIKW544H5IYG6RKEITEJBQZNZBGQMULK4GRGXAY5634ZLPKXGKIEM,Pact,$JAWS/ALGO Liquidity Pool
6VJZZOMXBBU5KVNUGJPIQ4TQO4IEPSVVXMA243HVRBVTUIB5HK56URCKZM,Humble Swap,F!ya/ALGO Liquidity Pool
6XBAPDENLNGLVANCMNI5LMPSCK3J6NSWIJSW43KZ4JVVOT3X5ZQAYHZGCQ,Pact,COOP/ALGO Liquidity Pool
6YLLYLEDVMSJOYQT56HJCJLE3BPCOEYRJ4DIDMFIIY7YESQWQGH2X7MQTA,Tinyman,VINS/ALGO Liquidity Pool
6ZA6Z3JU44WIWOUCKNTE2UKPFCXFDMJ7HRTTPHNCO55JX2JJ3BRD5X2VOE,Tinyman,AAA/ALGO Liquidity Pool
6ZSFL6C42N6IJSRBZGJFPAMFGE4KIMNEIECEDSAZBHZICY274CO5LIICDQ,Tinyman,Puddin/ALGO Liquidity Pool
7232SY56OFCJZNIFDTFWKSBB56ENYT6BL2ZE7YJS53UDBPLXKHFWJQXCGM,Pact,VEST/ALGO Liquidity Pool
74I3R4C2XPHPSR3RTV4QRNI5NZLP4ECD62ZDNYLG72AWVBETLHGO6TEORA,Tinyman,dAGR/ALGO Liquidity Pool
74VSZM5QLXN3764DEFBZDU2KNS32K4RQDMI77YBMLPX2HGF326SP544GMQ,Pact,DRUD/ALGO Liquidity Pool
76NZZTSIGPRSLR37NA52NPBWWHFAZPM4RRWZJURLIVGUFT2POF3PKM3VRI,Tinyman,MEOM/ALGO Liquidity Pool
77ESSMNM3WLMA6WCAH3BERFV4YEQXHTBWJOUX6NSABUHPVFZZGPU6HG3DI,Tinyman,LINK/ALGO Liquidity Pool
77GYTEWFBA6UVGC2QBYC7N2YSWMS3IEUVYEZEXIZQD2IVLZ7II2JYCNVEE,Humble Swap,SOCKS/ALGO Liquidity Pool
77S7WZ53LSOKQ7A4LNXHXNRILQPB5WDNRWPJ4YRQMAPJOQJTSG3VSZCMPU,Tinyman,QRC/ALGO Liquidity Pool
7A2AJUBIUKBMIOIJPHJYOW3U7LOBTA6FXHTNMEBXWL3HLFB7PBV3FUL67A,Algofi,BOARD/ALGO Liquidity Pool
7CAGR4POFHOABT4L4GUBTO3TPVSQZJ2H6PY5VOAR7JW4UFIA4R5VLWTBBM,Humble Swap,goMINT/ALGO Liquidity Pool
7CEGU7KNHTHAIOZSLOYVJED5LEXQ6TA3YXDYWQMLQKYSLBBN6NTHCN42BE,Tinyman,Leaf/ALGO Liquidity Pool
7CRK6G4IG2BNQFVEDQIARD2DEVUK5M5K66DPRPP6HMIO7FLHACXSAL2UNA,Tinyman,SMILE/ALGO Liquidity Pool
7DVJO24MIL5PQA4XG6XDQB67GMPXCJLBPPUOEVGJ6SKGERXD4HGUYIMPEQ,Tinyman,Bullüêï/ALGO Liquidity Pool
7GYM7BFFGSE3WOGWF6M47VXORZKTP37FULMLPHWMTH2ICDQ6DPCXXUH6Q4,Tinyman,XUT/ALGO Liquidity Pool
7I2WS6DTSJREUTCHP25IWSJ2N7I7OXCKS4BEZMUZDO5YRTSKG2QE27HKOI,Tinyman,MADIBA/ALGO Liquidity Pool
7IMFEQHIZ4VKBEY2Y4QFJQU7IQ6ZTBEJK5VEVV3ZPHDPA4MH6UFRFRK5SQ,Tinyman,NIKO/ALGO Liquidity Pool
7IOOY4IN4YKS6F5PRS7MGIWTZT2VG7APD6INZVOEWEZQPKTWDVU6AEYSDM,Tinyman,FLAMINGO/ALGO Liquidity Pool
7KNXWXB35PCKSMJAGZLQVFL2BRNYOHZ3NXZYLFVQBHW6PCEN7WDVE45QTI,Tinyman,Tacos/ALGO Liquidity Pool
7KP65CGUXRA6R6NG4N5EYKPIKOWHGHXGXRHDDYC6SOBSCJLDTDWACAZQDU,Tinyman,BD/ALGO Liquidity Pool
7LPNMZMODC33RUYFLXUSE7NZ3LDATPZPA6CQXCNWOSPU3QBW4TCVWLQ3SY,Tinyman,HODL/ALGO Liquidity Pool
7LTXNT4ZI3QVGDSYLH4RLTVRHAGRIZXEO5RPSBS4DKTYEVUAXIBHR4VFNE,Tinyman,APLS/ALGO Liquidity Pool
7LZQHATCUGOMFSLJAWYMEMLDL5BPJ4NYYYPMFQ5T7L7OOXIUISSDQGQUTA,Tinyman,AKITA/ALGO Liquidity Pool
7N4JJSTXQPG3MOZZBLBXSDIH4P3ONWDNAV5PIVAXCIJTZFTRUNF7KOAWBY,Tinyman,CABAL/ALGO Liquidity Pool
7NMLKKYXVCZZMUOXLAURLCFUNTUZRQ76SCKSK6LMRN6SDXLO3GADQVUT5E,Pact,chip/ALGO Liquidity Pool
7PGGIP6LK2YIVSHBH2VACG5YMFUW3VLT4RMKC2BZNXI7Q6ZKBNHYUFVYKA,Tinyman,TDOG/ALGO Liquidity Pool
7QVQ4RG6G3RBUKB7ESFLGVMTHXQP6WCZQ3F4KXRGAD5GHX67HR7NK6DLVE,Tinyman,SEALS/ALGO Liquidity Pool
7R4NWVXL2V4G6GP3HHS5NY5YMT76XPU4QBKVXU5NIX6DICCZHREDB4E5LM,Tinyman,NARD/ALGO Liquidity Pool
7TVHLABS35K5HLSO724ZZLQZLAZNR5ANIMW6ZJJWOKEDNULCAK5FYI7XIQ,Tinyman,SQUAD/ALGO Liquidity Pool
7U2MIVMVE6K544OUFXURBHAB3PF5LRMORNXZYGIHP5D5N6TPW7UWE4R2Y4,Tinyman,Cwcoin/ALGO Liquidity Pool
7UDZ3MGXEYHJ2OGC5ST4WEHE7GRHEGWIBTPX6L4NUKHINGFEMFGESRXFXI,Tinyman,RIO/ALGO Liquidity Pool
7UTTZHT4MKO2VUD5UP7L2FTDBAE7OV2X2WQTV2Q2MQTI5AH3F6YAMJFDJQ,Tinyman,phntm/ALGO Liquidity Pool
7VTE4W4RPZZOGOJ5SD3NDR55R7SKTLN3DS7DFEXHGGVXICEBSMQH2KIIVM,Tinyman,BD/ALGO Liquidity Pool
7W5EBUFXNMK7E6THXPHB37SC3H3FSLBW56WE2ULJDWMWWDX4HRMVGGPXMM,Tinyman,Jimmy/ALGO Liquidity Pool
7W5MWCT7TQ6BIJME6MYBXLZ4QDILYJ6MUSQGN7PWSG5324PFJW6TKRQQR4,Pact,EURS/ALGO Liquidity Pool
7WLB7XZ72GRKC6XYCTK5XMGSHIN7DWVXCK3UBJSFJLCWLE4WTDULNQ4SWU,Algofi,chip/ALGO Liquidity Pool
7X4DSTEEDHWYCVKXKO2HHRPT2TGFVHFQ5QTV2K6HFEY47GMZOD5ZXDJQVI,Tinyman,Love/ALGO Liquidity Pool
7XPSR7AWDZNZ56U2D63BLEK2DIBH4TMLBPRVJ4SMV2ZWXJUJSUI43LIWSE,Tinyman,ZEUS/ALGO Liquidity Pool
7YDM4EL4QTNUQQMBC2ET6MLTB7LTA2WY2QZGNEPCP5NF434LW4DWT4XG6Y,Tinyman,TBOTS/ALGO Liquidity Pool
A3PNZYR7JL4ITTGBZSPKOQQO7B5HJ4MNOEPZYQXGOO63GYGCORXQDEIMXU,Tinyman,ADVENTUR/ALGO Liquidity Pool
A3TL2ATXLAYUGLT6A2O2ZOOUU2KIEBDXTVU3KPDWAZPRQWM7ZCAC47EF7A,Humble Swap,LTBX/ALGO Liquidity Pool
A4MGONBGSMEAAYNV5IGCJCXDIEVZJRLXO5FXIHMHTNNGX56F42GNY57QLE,Humble Swap,gALGO/ALGO Liquidity Pool
A7JJRXQFDQZTIW5W42JFF7IUPMQKIOCT3NHUKK7PP3F2WFGRXCXZMK4AG4,Pact,DUB/ALGO Liquidity Pool
A7JWVYPQQKTAYB4SHURRDEALFSEAIDXWUEDRPVXYZJIPDKEKDNTRNYH3OY,Tinyman,$Td/ALGO Liquidity Pool
A7QZGOAMZHJV6MHNOY5WR6DPFOPFBEKNAORH4ATXZHQRV3NHMVSRKEHXKI,Tinyman,USELESS/ALGO Liquidity Pool
AARPDEY5AJKLHAMFEEK4TWQUN2XPGQGPGTVXJOJQ3NZTEL6ARBI26P7ZBY,Tinyman,QNTM/ALGO Liquidity Pool
AC53IRRGFQ4G7IQMXUZGARS6W4WCA4YBM33OWQUWIHCU6H3LWP5AS3BL5Q,Tinyman,PWCREDIT/ALGO Liquidity Pool
ACZWZCVP3MCDOWHDGFJQJVQTVVZOLNBJXAE7OI2W5QW3G47NZXVJG26ZOM,Tinyman,Nyan/ALGO Liquidity Pool
AD5HL3KBANZAK3TGTRRS3J46HO7NFS2OIL4Z764Q26FWAMDPAHZC32Y5JY,Tinyman,BABY/ALGO Liquidity Pool
AE7HTGGGWNZTWX2BYYI2MOUAHF4FNCD6EJN4TTHJ2VK73QHBTHWW2CBZTI,Pact,DEFLY/ALGO Liquidity Pool
AFJCQWJ54JMUA5CKFOUNJ33D5NUHAWPUQ4IJXD3CWVSAVFDQKNX24X2WN4,Tinyman,Squid/ALGO Liquidity Pool
AFPVHVANFV4SITBL76SPDS3VXEXDWIP76WQPLYBUBMBZGM4XFVG2OYFU5E,Tinyman,DELI/ALGO Liquidity Pool
AFYJ6SRY4MMCOTDP7JTCIMQTU4LHN7OU7MTP73MLGG7QGNHLV7G5UEMHVI,Tinyman,BANAAN/ALGO Liquidity Pool
AGW3XPUUQP7NDXDSMT33QMMSC6QNJSIXVAWOH4PZYL2ZJQ7RWOA3FD3RSA,Tinyman,GRAD/ALGO Liquidity Pool
AHF3TZY6ZETFHHL5CGXONHN7TDJS2H6IYQRXQLPE6QVKLGRRCYMYA7OGK4,Tinyman,AMV/ALGO Liquidity Pool
AIFU57RAPPX672WDLAUGZE46677XNGYQEX2KQM54DJZ4HUTQ264M2TALQA,Tinyman,RCOIN/ALGO Liquidity Pool
AISD6FVE6UU2FSDUYPNYPDAPTWWNIZJ5ISXPSP2O6SNQD3XOYIYOGFW4QE,Pact,USDC/ALGO Liquidity Pool
AJCSOEATZVSEJPUL3RO6N5KENQUW5IBCYBPRXTB6LSJHSANQ7T6OEU6HAM,Pact,FRY/ALGO Liquidity Pool
AJRSQOSDUC4ZS34GL4RLXHZ2XGGLHCFCCZBHGT67ZM5KVR3KRLXDCFMVME,Tinyman,COCK/ALGO Liquidity Pool
AJSPYMRPGC5GLPS6DC3H42OIBID3GXKX576BWPOLVLHAMQ5AH2SOEABT7Y,Tinyman,AKTA/ALGO Liquidity Pool
AMKPHJ67HRYG5UVNWKBAJGZCEQZAR267WJEBYIUETJ2C3CRWAHP6YMHBAM,Tinyman,Kiro/ALGO Liquidity Pool
ANNVOPQ77ETYBBG7GIVE27KAAATNCFULPTSC4BAH7DFRVLCNOQMR6PFQXM,Tinyman,TDOG/ALGO Liquidity Pool
APJSDZRL3MWRG56VMJXXHQ6OMDZJ7HXOYMJFFERUV2PXY7GXMDSWAYXI7E,Tinyman,GPEPE/ALGO Liquidity Pool
AQSJSOLADFQGVGT652TPGRF3HTWCVCWM2TNYPCRLDGWDP6Z4EU7YXO7TR4,Pact,SHINO/ALGO Liquidity Pool
AR3WB5A3T3TZZHYEC55I6W44AWPIDZXPWGRFRF4QSJ6ETUYT6GNSBKQYXY,Tinyman,MESX/ALGO Liquidity Pool
AR6TJOX2SW37FVX2JVXQDM3TNUNMTOXZH2ROG5ZOHAD3FKP6GGHW2SVKMA,Tinyman,goETH/ALGO Liquidity Pool
AS26FUTG5JJH2RIO4L6BZ4SWXXEYNMCHNWX5GYDMEXAFSRVBLF7ZHZQDEQ,Tinyman,BURGER/ALGO Liquidity Pool
ASEEYBXB7AMGRDYU6A252Q6DBXLFSKM25U2XICT32NUPF4OYWOAYJMOKVU,Tinyman,FMT/ALGO Liquidity Pool
AST3J4RDWRAEKXPXHTZAIOUQYDXMRKVGMUPVQ5J5ZK4PB7NDIJM7LRZRUQ,Humble Swap,MOIST/ALGO Liquidity Pool
AUD2ZOKIDHNGJK45VSEP3JFNMEZEDLSOJQZEROXCHH77NV5EPWZODYU5AA,Tinyman,TEST2/ALGO Liquidity Pool
AUQOH333UD5U4226CVICOIBYAS7K3TORRX5XRZLN6REABOKH6XCPB2Q2NE,Pact,BigHugs/ALGO Liquidity Pool
AW4H4NTIPF7JR2X45GUOD5HE6XO5RT5PCQ55JTO4LSZFIW7EOPU2Q2OEAA,Tinyman,MARE/ALGO Liquidity Pool
AX6KGOXDHE6GJRVYUIYJD5JNLJWMPXCIQQRXM7VGRKS34CNPAOQBXUBH7I,Tinyman,ROUGE/ALGO Liquidity Pool
AY2TSTGXIMOVEWTZTDDDRGGWCS6N6DVTM7VTVUGDKQAHVZORSPPIXEVOIU,Tinyman,APRN/ALGO Liquidity Pool
AZA6CQQDSXCQC4TXYJISIE7FXQWBMAOACGEEUMOBS72MZFFJTG74C4MT3Y,Tinyman,OGS/ALGO Liquidity Pool
AZRZIEUMJOM3GEZDEY3HMSVDEPICH54AKY5JX7ERS3BS2ATZMAEAF7YRZQ,Tinyman,STKE/ALGO Liquidity Pool
B2ENE7KZIKGWXHGKW6ICU432YWYQGM2VMLLMAGRNDWLGTLY4SNE6K736MU,Tinyman,BANANA/ALGO Liquidity Pool
B2MOW5M37ZPXFB53S5PARMSGNF6ZTXOSPWVB4YXAG7SUGDGFBEAUJA5WAQ,Tinyman,KHAAA/ALGO Liquidity Pool
B37FPM3RPRWBY4WDPL3PCGJH5M32PLUL3ZBYJZPLONSQZ3VLVWUHFVPABE,Tinyman,USSR/ALGO Liquidity Pool
B4NL5W4KJOPPXSD6D7PK2C7PJO6JODJ3TYWXGGIJOQW2ILW4CUKQGKWGNQ,Pact,ASASTATS/ALGO Liquidity Pool
B54D4AMIF5UUJD3ISS5RMOIDBGPIYWAKQFRC5KB3LV4KWJY3NKZKD7LPHU,Tinyman,monk/ALGO Liquidity Pool
B5UMOMIKQGSI7IYH5PCPTOGABSBGOQLAU7PNCBDOGK57LCFOJAHQJLPCYA,Tinyman,ALGOR/ALGO Liquidity Pool
B7INK7L2P6AHQDJMIWYKUDSJRCGRMAK2JO6FQDP4OCP5DWIY3LY3P2ZJA4,Humble Swap,COSG/ALGO Liquidity Pool
BA2XXS6FPB6A4CF7VFI4L7DIBWTFJ3MBTCMBOPJXQBZ2X55NOZOFJVT3BQ,Tinyman,USUG/ALGO Liquidity Pool
BAE3TFKUC23KU5OLUJIWDFU7GVUX4HKM4TORXXJ662E7QD7BELMMYALAK4,Tinyman,HGC/ALGO Liquidity Pool
BEJULPRLYOVTYJER6HLG6XGWSIEK2OCX6BVZGJ3RZOCRPMDQKIGG3R42EI,Algofi,MCAU/ALGO Liquidity Pool
BH5HBWEBB66YYIULWLF6JIOQQ62AXZEJVE6DHPBZ5MFZTOQHNHMHCLZWJQ,Pact,GoldDAO/ALGO Liquidity Pool
BH6DVLJIPIUZG7NAJVGYEOXKOAQSIA4NNPBK2DBIPFRSEGL3NI4NYPLA4I,Tinyman,KBX/ALGO Liquidity Pool
BHDZ3EA655KWHWT2UET2XYNXM5HFZFIFUKPDPBSGVGAUMN2HWN5GQBGVHE,Tinyman,FISH/ALGO Liquidity Pool
BHFTWJ7YXCUEHRUQNXFXGC4V3BFUDIXBKEHJDMVRAQFDGXXIWR4IRQVMGI,Tinyman,ABC/ALGO Liquidity Pool
BIQ6DJH6LIXNBX4WFR7PH5TDIDERARENQ77N7IM452ZVXL6YBAHONHGW4M,Pact,TEAR/ALGO Liquidity Pool
BK625VI6I32OKPXLWQRTFP5D4J7XOT6VRZX63AN2TG4BQ2WPL4FWPTLEUU,Humble Swap,chip/ALGO Liquidity Pool
BKUYL5KGDTLRMMSX25BJHL4F6VXFCDSTMB3HTXWHYG2HC2T2YXZIK4U2SA,Algofi,goBTC/ALGO Liquidity Pool
BL7MTMDYZHZBH3HAXAOLDTVQKSNHRU2X3KFCPDKOPVQY5D4IH5NKVLN64Y,Tinyman,MADIBA/ALGO Liquidity Pool
BLE4N4ORNSV32DROKPD6VUTXWZDM4UO4FJNW3TRSXZFB53AWR2EIZ4L4LY,Tinyman,MTRX/ALGO Liquidity Pool
BLZXVKU6V4EZ7CZ2EFJBKDB2MQMY4UZGWNS7XAOMRWR3Q644WCNAENA3Z4,Tinyman,DEAF/ALGO Liquidity Pool
BNEMMBK4KIFQMUXLBTTZO6SOSFELKMKIVYT5YQAFZSQDPCJBFILGD2KWOM,Tinyman,Eureüçã/ALGO Liquidity Pool
BNGUMDYYIERTQNWDJHAG53LMNZ3QDX3KI6U5FKTJPCGYXL7WEX5F6GWHBQ,Tinyman,AltASA/ALGO Liquidity Pool
BNPDMNEPW3BOZDEFH2WZZDT7LK3KH4EAIMXWPJNNNYL5C24JJFHXZT2DOU,Tinyman,SMILE/ALGO Liquidity Pool
BO5OYC2DHGI7YDACUU3YSJT3NUXFU6ICOATMFOJXCRQHXGZG7L3JY3APBQ,Tinyman,SNOOP/ALGO Liquidity Pool
BO6Z2VN45RUAOZC53WRH3LDRDWFMHWIKG7AEMGXCMWJVZ2TD2XKVANZBCU,Tinyman,RINGS/ALGO Liquidity Pool
BQ64QBC7CLJI5SUMOWZPYHN4R4RRI52LUWGDO2SASVWJ7KABC66LPW6A4Q,Tinyman,Butts/ALGO Liquidity Pool
BQ754JSDK6SUXZLZMBK2MYVOGPKQKMKKDXGBAZYNRGWI32QHNASGMFXYTU,Tinyman,BLGA/ALGO Liquidity Pool
BQTZQJQDBMIWHJ6KDLX672N4HS7HWE5DDO64CFLCACW4R6YSX7RXQ7FVB4,Pact,A200/ALGO Liquidity Pool
BRQ7ERYF65WE3PZ7WBTPARJTOHAEILQGVCVOD2RBSIY7EMHLF7JNQJRWLU,Tinyman,FAME/ALGO Liquidity Pool
BUHMHG3ACAL4XRKOMX73O2YWLNL4LHVWYR7EK3H7FWCEUK74DDXA4QWHVU,Tinyman,MFrog/ALGO Liquidity Pool
BUVR5SLDE3LNKNTT6RL72HW2HS2YLB72XONEJQA2C3VOZXQG3PZYCBP65M,Tinyman,RWA/ALGO Liquidity Pool
BVQL5AMUTRDXKEZIHY7MRYI44WKPXGXQWUM57VMMMGPTUKYF4SV6AK4ZX4,Tinyman,MEOW/ALGO Liquidity Pool
BWYH4H4BAKCYUFSG54P7GVGPGWKVZMCWZG7VT6MSCJYDJV564M7FFTLD6A,Tinyman,Jimmy/ALGO Liquidity Pool
BX4U5NC2STVD54S5TJYHAKI773HKEK6YR33YBG5NNPYQKHQ6O42S2QI7WA,Tinyman,ROYAL/ALGO Liquidity Pool
BYARSMLYOH5R5L5WVYL4RKR56TVBLQ3MQQP7BYEOPS46E2ZGPJAR6NIE2M,Tinyman,DBD/ALGO Liquidity Pool
BZJKP7ZMIZEJ2YF6FFWHOJM4KOTXL5KFKEMGG4LDWP3A2ZQ743LJSGZAUY,Tinyman,BLAPU/ALGO Liquidity Pool
BZKBFS4U6YWCOV5YZUIO5NRSBLERWIRCWLWR4ZNBJ62KJYN3FMB5SPTKJE,Tinyman,GP/ALGO Liquidity Pool
BZVFYDZN2BAVMYZNFHHNZ6I3O4TQQP7DH5NU34DNB6BUIBBZPP56MYIWWQ,Tinyman,RUGNINJA/ALGO Liquidity Pool
C2A7GRY3ZJ2U5BJ3Z22V63BIDNBO6SJT37ALKQQ537Z4BTKFVGVDG55GGU,Tinyman,GARD/ALGO Liquidity Pool
C2GOW6BANRVX3JIBPUG2SS7JTEOZ7YPRGUOKDKEBH7I3RJLGL2KT4ZZBKI,Tinyman,NAM/ALGO Liquidity Pool
C2V7RXV3SAA7FBBBEVLZOIKQ7JZ2LHKLWXNRLR2X7WREEZWDUE7HPAEV4M,Algofi,GP/ALGO Liquidity Pool
C3DUWF4E4WHD4NQ52S3QEWB6EOFAEVZ55UBYFJNBJSI2LYFTUSO3IABT34,Tinyman,CRSD/ALGO Liquidity Pool
C3JSHFQGYXM44ITPNYLB3KXWO5VVK5MEJKF4O4M4Q5CAST35XJ7P3XJVII,Tinyman,SHS/ALGO Liquidity Pool
C5Q5DDAIVB6XBIXEEUDDSQUSRWNRGFWQS6ZXKNVGK6PWPE72FMBH5L6LCY,Tinyman,GONK/ALGO Liquidity Pool
C6TKHUC472TCJ2MQJ3DQCLCNT4F65AM65TNDNO245LZFDAUIJQJRSZSUAM,Pact,gALGO/ALGO Liquidity Pool
C73RKT3IOBG77PLDCJFC5NBLAOQ4CCVCZFB4ZEGWJFP6U2L6FGXCVMAGJI,Pact,BPM/ALGO Liquidity Pool
CA2SIYLKEGNAA3TCUHBPGX5WQVPZ2X4YVSVFXOCDLPBPKNEBQTDBOEMMCE,Tinyman,rUSD/ALGO Liquidity Pool
CA7K5KHSF6NSWEHFD65EH4TBWXFUYXVPFWNBF4Z77VZBT3BKZCDKOYQDHA,Tinyman,acid/ALGO Liquidity Pool
CBANZFOCRXK2GLQGAPOEKVUGZJLGPV2FI7E3IBWS37D6M5MCRMQMOQI5TU,Humble Swap,L$G/ALGO Liquidity Pool
CBIIQJI4GLROMZQSHVUMXNOFY3HAMZF53AASVQNAGL5CIR2EDSHLUADPO4,Pact,xUSD/ALGO Liquidity Pool
CCSRGVU2SME5GQIZVFOKU5VNVKELPNBAQMBSA3X3BMKOEZN7XMMVS4IZAU,Tinyman,‚àû/ALGO Liquidity Pool
CDMI54736YTU7HBC25WTX2MIO7HQ4ULBOQVCVEN7I7QUJ4RERVZW5FAS3A,Tinyman,Cujo/ALGO Liquidity Pool
CFVAWUPJIVYRFMGJ5BD4FZQI533SA7G7PJ4UNE7DKHEA3CBO3QZEPNSLPQ,Tinyman,ARTISAN/ALGO Liquidity Pool
CGHRFVGP2YMRQF7S7HOGLSBDB3UZE66ALSE3JBHB7IH5KYJLHIBYQGSZBQ,Pact,LTBX/ALGO Liquidity Pool
CHTLVXPNOLNETCV7N7GARSIYTCSEOUKFMHMKRW4EWG4LW6R23R5WRBJTSU,Tinyman,NURD/ALGO Liquidity Pool
CILGQHKTAEZRHMTFTIBTYAUUCK3MUP24KAYATF7GOW7UFZRCXTPD2FREUQ,Tinyman,SOL/ALGO Liquidity Pool
CJKYTA2V2G3OIBUQYV34VKSCNSMAGTOMYNGJJUZY2AFORCPUIHCJC423QY,Tinyman,TOPG/ALGO Liquidity Pool
CJVUUEXNFYTRWY7MW5OGWZE7TVAQ3MOB4OFGUXTGWS3ZEMYUVGLAOLHU6I,Tinyman,GRUB/ALGO Liquidity Pool
CLXNQTGGZRDHXX6JVRISFDUXIGY4CMQGFJWKGP4LEX62ED5BTLJL67VT2M,Tinyman,MemO/ALGO Liquidity Pool
CMPNIK3MJGM3OORGWQ45JDR4N4LGKCOJK45XLXK2VQ26GBQSEUPOPLEZYQ,Tinyman,USDN/ALGO Liquidity Pool
COD7FNN6ZR6B3XHYHWPUVZQL2C27VAHMJG4UPS7PYRKQVRBHU7UYLM2LGI,Tinyman,DAFFIR/ALGO Liquidity Pool
CQ3UQ6GNZCRBFG5JZODTN3I2AC7FDIJPMPPM46AJ3EIFCC7VEE2HYJIAQA,Tinyman,UI/ALGO Liquidity Pool
CQAYJUPMPDGNLRF25AWJZVLIADM4DHCAHJD5WLARN2YU7DJZBFTT2HG2XQ,Tinyman,XDB/ALGO Liquidity Pool
CQIOMUYL6BSFQSM7NGTNKBLYDRCU5Y2657M6TXMVB3XLWSVETNAV2R3VWA,Humble Swap,AFD/ALGO Liquidity Pool
CSZ6B7LZU5ZNFBOS5TQCPH6Q24FPXAAGRHL2I57MGN7ECLJJMYQUXM4XXI,Tinyman,UDON/ALGO Liquidity Pool
CTDKAFVPEPRCQ5ZR3HV42VPE2FQ4EA2UFGA577L2M44WGE34NFJMBNWUTQ,Tinyman,BANK/ALGO Liquidity Pool
CVNZFLRLL4UPXICXLSAYOCQNEFARFXES74V23TVNCQPGYTHOVEJ3WUGQGA,Algofi,TREES/ALGO Liquidity Pool
CW7GFSAZ5DUQWPMNESSAWRK3TJY7PFK6ZC3CZNOBXT2Y2SUJCRFRO2DOE4,Tinyman,AGNR/ALGO Liquidity Pool
CXADT4XA4GH2FWMAAOFYIZRGUAYLWV3BBUKTPL7MGGPGTWF7LAN42DAZ24,Tinyman,GBBRD/ALGO Liquidity Pool
CZHLFIVH3Z7MTML2M2FPZPJRYYNYR7PMLF6LCTTQGQSOVAGWMOATA2RJW4,Tinyman,INUMOO/ALGO Liquidity Pool
D2WZRV7XO66YDIZW5TIP4ZYG33P7P2MIPDYOE3YRWJZXODPZUFQVAYLE7U,Tinyman,PKLE/ALGO Liquidity Pool
D3XMVUIB2FYMRDEWABDW5ZXIR73SIIRRUGDZ72PCYQJEJYKOWO2TL2TUUU,Tinyman,Taiwan#1/ALGO Liquidity Pool
D6DDUCPSDWD4IA2L3FL4ZC6NVKXGQYOU4LJQMHKV6NVCYHRURSFKYPFN5M,Tinyman,BIRDS/ALGO Liquidity Pool
D7ZKV6JVJNTRH6MQQS3B7LM6OHBMB2PSVK3KU3M2CWC6OGKP72N4KJHDHQ,Tinyman,GEO/ALGO Liquidity Pool
D7ZPITQHGXMNGX5OPDDTSWICJPCOP6RCRU3OPE7E5NTPUEBITZ3CSMM25M,Tinyman,CPY/ALGO Liquidity Pool
DCWELDEZLVA7UDJK3GP7QJQ2S66NWXNXGO452OSWYOAUN5ZGCXBHO22XJQ,Tinyman,MTA/ALGO Liquidity Pool
DEPGX27ADSZS3DCYRN4DLKPAZRWEG6RZNYI6YHAIHSVU7TMJC2VI6MCNFU,Algofi,VYBE/ALGO Liquidity Pool
DEVEQCJYN5P74WU223GJCXEQQEDGCHIRBLCAXCXPFEH47UYFKIJGUIETGA,Tinyman,SOCKS/ALGO Liquidity Pool
DH4TSXMTVIWWNTBD4D35YUUW7KTKAAYYPA76EBZWL7WG74NGLAYRBKKAYA,Tinyman,comand/ALGO Liquidity Pool
DJ3TECYDW4TDUNIGOGUAITZCI3524ILRNIJUSFT2WDZGT6RC7V7WG4NWOI,Tinyman,LOTTOR/ALGO Liquidity Pool
DJHCQCEZG7NIV3P2YKN52RCHWCH2T2PSHAOR6SI7EZNIAIQE3WVROZSA6I,Tinyman,Choice/ALGO Liquidity Pool
DJIP7MVWAAJKTPDG7SEH64OD4QIZMRHOH5LYHY4YXWRZRG6YMD2ERJ4C2Q,Tinyman,DEFLY/ALGO Liquidity Pool
DJOWC6JFPZMWXKCHKWCWOSVCJI6YM27HW56LKXEM2RS6PM2XVOJWHOFC74,Pact,goMINT/ALGO Liquidity Pool
DJQQXVY2OZ5SDER6ZNXAZVE6F7ENKP7R3RAOWYCW5EDFDNXOWWFL5XRCCQ,Tinyman,GOLD$/ALGO Liquidity Pool
DLUX6V227K7RKUG4I6MDYO4O3R3DZBGCEOLCMGJRF42WJAJPAEN35Q6HQA,Tinyman,MTRX/ALGO Liquidity Pool
DMD4RXWHVYDIQWOZOL6FGNIF6K6PSRXENBZVTIJDB5AVV23PL6HEVL7WTU,Pact,GOLD$/ALGO Liquidity Pool
DMI7VT6DWGQUPGKDKN4HRD6U3OYKOJ2RLHCKNY7VLDTI6N6MZNDECWVT5U,Pact,CARD/ALGO Liquidity Pool
DNXJ7U2XSEMQ2454LSKYGQ67EJ4GAYQ4YPU5SALXYDZQ7XPQZBPSVOZTAQ,Tinyman,PEEPEE/ALGO Liquidity Pool
DQ7Q5KAKRT4LAB66HURSZ6UTGEJXHJEZDHLGOP3WRUC3YHJSUGCJOO2ZZI,Tinyman,Tacos/ALGO Liquidity Pool
DQCKGHXUMFJYTVKZFW7JKYXGRML7AJFWKIU3JZF4PXBEHOCJBBIX4G6BOE,Tinyman,FACTR/ALGO Liquidity Pool
DX7CERI2AUEELJT63OMBR47CYHVQKYRMAPPGTVUHDFITVEZXNFPOM24O74,Tinyman,Cow/ALGO Liquidity Pool
DXBVXIBRP7KYLTHFRWLDHT2PCRK2IEKVH7WFSECFQ7WHHAYN6RUWGTM4VM,Algofi,goMINT/ALGO Liquidity Pool
DXNK3K6LKGLHNXOC2ZXGLP24VSZLBLRYY7RMIRAXR4O2DUBWAVMK5XPSA4,Tinyman,Come/ALGO Liquidity Pool
DYKZMSMJMTDW3CIJ3NKYBTH4R2CXSJXSNKCIFG4THG5O4SE5OEHDWFII3Q,Tinyman,iALGO/ALGO Liquidity Pool
E2ALFHPSLIOZRYTVIWQZJNMOMEPEBHBB2FL4PRILODDILKL6ZU3U3RL6JE,Tinyman,GAIN/ALGO Liquidity Pool
E63PGV4WAEBPH6O7LWKTK6J2MJZKETE7G6XZF42DKZ6FGDPDLEGSENOM2U,Tinyman,DWIT/ALGO Liquidity Pool
E6YPBLZ4TFN4K35IVTVYFCFY3MPTR32L2G2SAMHQ6Z47W5BDRDZNQXQW5M,Tinyman,GRC/ALGO Liquidity Pool
EAVGQEBLFAZTVREHJIM4W34Q3UQERGIID2KSFALJUB5D6YMBHYAEKXVDLY,Tinyman,‚úì/ALGO Liquidity Pool
ED57RDPEG53HHJKAHQGFBF74GUZ5JHH464424OZ4NSOJVV5VAL5YLZXQ5U,Tinyman,IAQ/ALGO Liquidity Pool
EGRBDRJ3PIKFTVKPDQWSG6ZFBIMNKZTI3ORFN5APYTJQEZ24TGVDY3C2HM,Humble Swap,algodots/ALGO Liquidity Pool
EHHZZ35VLEB2YKJOUOYF5AXDL3SK7M5L3GHUYK2NSOYRD4RPH6T6PILEUA,Tinyman,CAT/ALGO Liquidity Pool
EHILSRVRIJ4337WTNMYYUEPQKHMGSR23MPC2ZJWG4CDHPAXJWYRJ3CSZRU,Tinyman,FLOKI/ALGO Liquidity Pool
EJGN54S3OSQXDX5NYOGYZBGLIZZEKQSROO3AXKX2WPJ2CRMAW57YMDXWWE,Tinyman,ALCH/ALGO Liquidity Pool
EKPBFVEEGVJHUHVL6TZXTNBFXL4NVDJNSBTHP56IBCOP2H6X3NFLO2Q62Q,Tinyman,DALGO/ALGO Liquidity Pool
ELNBYR2TPMFKQV7MLJDEPMTO4DTI26CFBSK3GU47FGQQDZSFE7WRXUT7YE,Tinyman,TEAR/ALGO Liquidity Pool
EMGZWFN3QB2TKWDSOD365LTR3LOPW2R3YSY7PF6D7CDQ5FSWY3Y2HMS2CI,Tinyman,WORMHOLE/ALGO Liquidity Pool
ENSMS7OH2OB23X6NYZWD5L2JNI5JPMAIPNCMNXOQISSGSYZZA7T3YCKBOE,Pact,GAIN/ALGO Liquidity Pool
ENTN5ISSWHSSCWT6UD5XSNJRBJJI6YA7567ZYPUZFU4MKFKSSQM3IV7ENA,Pact,OTSDHBVA/ALGO Liquidity Pool
EOO2NM47CRYQ5VL3T6ZACLIDEQOWYKTH2VZ573CVOPEOHS3ZRY4LQTCZWI,Pact,FINE/ALGO Liquidity Pool
EPKHI4QQZPUOWDMNMTYE4S3E4TW35GTKVBX4GAHGCPVSBGPPN5UKRHGYNE,Tinyman,YARN/ALGO Liquidity Pool
EPTFC7B4VE2WU3PEXVJP5N3HHGIVDFQQBUFZIZCSADNGEXFDAVFU3L7CJU,Tinyman,SHAME/ALGO Liquidity Pool
EQHWQ2PBYAW4LJGQZTVKFOIFVHYEQPINKXGLAXFTTGB32QO5QE23FCLGO4,Tinyman,FINE/ALGO Liquidity Pool
EQJRTNUFFLKP4WLFHJ7FHDDJXG3R3ZUEMDBEXCZ5QXIB6BZYFC3WVMUUFI,Tinyman,CREAM/ALGO Liquidity Pool
ES4R4Y57EQ2PZI7FTMZUB472DERM7OA2KRWK2UM3C7WHPEIZAWWSK4ZQMQ,Pact,ARBZ/ALGO Liquidity Pool
EURSYKDLIUSPDCOIK44Y6J5MXHNS6PRS5GGTIGKIQJZHBPF4UOSOEBVBIY,Tinyman,ACAT/ALGO Liquidity Pool
EVHNDA6VY6667TBAR3LE3TXEVMEWSKF4YGILIST6WOR3KJ22KT4ZWHO57A,Tinyman,ELO INU/ALGO Liquidity Pool
EWBJXKHQJM5Z5PYZG5BKXMD2AF3HKTFN7JLCI2HEGEOWO7KMBGGDW4ANXQ,Tinyman,VEST/ALGO Liquidity Pool
EXNAGENCQ2QMYV3N4HDZPAVH7LPJTSUCNUGECAMWZXCAO4YX7M5VUHKCII,Tinyman,VATE/ALGO Liquidity Pool
EZTXUYLT3ZKDZHU3HFN764YVFDVGVA7VYXXM57HUYETBXGPSWW5YYGCK4E,Pact,BULO/ALGO Liquidity Pool
F2HJIKU6PNA3DMN7H3WSSUNJIQVRRCUBE6Z4ZJAK53MAMCWYMWNVDGC3CY,Tinyman,FMA/ALGO Liquidity Pool
F35DATTAU2524AHJ5XGOKB523QBYF2JFR6HC3WDLUDIOYTV2SMVRHKBJQI,Tinyman,CCT/ALGO Liquidity Pool
F3LKBGQW34M7ZYDRDKVBZNO7KIZCVW6VXIJSYSVQVJ5Y3TWZF3MMAF7V4A,Tinyman,CUSD/ALGO Liquidity Pool
F4HP7ZCV7L2QBRHJMV52OPX5NTLBL4M4YZ7INLSYH2RXZIAWWBNCRKZE3Y,Tinyman,ARBZ/ALGO Liquidity Pool
F5L7PHZQ6FX6OQRITS2ZMXI62Y7NVVUEW5UPHVYQHECKC7UZSNRUW4ZI4M,Tinyman,ROYAL/ALGO Liquidity Pool
F5YT2BPHPNCLHR44ZKWJOE6Z7RMVAZSX4KIWMEBYSKGBFEF7KJJ742QYT4,Tinyman,HDL/ALGO Liquidity Pool
F6EYDR6JZZGG23VMKNSOUVINYJ4SQK46MQ52P3HHRKK3KYO2F2RJLALOA4,Tinyman,$Blaze/ALGO Liquidity Pool
F6X5FKDJXS46QDP62PA6QFQKQ2RJGSU2HFWTJJEPMXPJGXE3BBID55Q7IA,Tinyman,SMOM/ALGO Liquidity Pool
F75TTF676LXIP4P6ZKMIHN7LLLI7XP66AU7XESSWERLLNZSUBPUBESXN44,Tinyman,VIVI/ALGO Liquidity Pool
F7BMG6JYEPHORITWP66AER744TJ2ZHVZZ4GUOXP65L66MBPF3ALXURDXOU,Tinyman,AF/ALGO Liquidity Pool
F7R2YLZIHWGOJ6CNMDF4HPSKZKA5L4TACF4LUYPQUIT6SKTN5ZGDSQFILA,Tinyman,ALCH/ALGO Liquidity Pool
FAUC7F2DF3UGQFX2QIR5FI5PFKPF6BPVIOSN2X47IKRLO6AMEVA6FFOGUQ,Algorand Faucet Drops,Airdrop wallet
FAY75ZHZUOIG3PGFKPOLVQAD26B2P4LWBUNX5B5SYZMDBWL3UCIU7GQTJM,Tinyman,TinyLock/ALGO Liquidity Pool
FB4GFZZCEPQ7XJYQM2H2WEMEALWROJCQX57V7DYMZECTT5CXA4SFY3E7WA,Tinyman,GLIZZY/ALGO Liquidity Pool
FCQDUCF6CYS735GXHL5G2IQN5C6KQQG75S5QF3DHDNXZIVBAVLSY3R5WAY,Tinyman,DYME/ALGO Liquidity Pool
FD3UPQKD2HWWTL3O47VPU563SWZW44Z2G5747X3DR6FFMGRMGZGEHG5YEQ,Tinyman,HAROLD/ALGO Liquidity Pool
FDP6TOERO244VD4SKU3AH2L6HA4YVQ3DQO6JVL5DD2SAL5OJKNHFTF4XVY,Pact,SILVER$/ALGO Liquidity Pool
FDV2PQN6E6OFLJQIFAUUQ5LHMUPJ5KTF5HSYGZ7LSAZXSEWRR6GNT7Q6HY,Tinyman,$beav/ALGO Liquidity Pool
FE57MA5LNEVXRLQEHJ7E5O6MOSK3RTWO5PBGOVLRGLJIHGYRQIXJL6B6IQ,Tinyman,REX /ALGO Liquidity Pool
FEHWDVXV2WSK7SYEGOGLOJTBWXADZCP5YFH2L3YT3FLQLQRKF54RUPRICE,Tinyman,Mullet/ALGO Liquidity Pool
FFMWW5U6SJJ3W2S426THZRAEL3AARNAEEFVC3S6IYM5IJJIPAU5HD2EVOE,Pact,USDC/ALGO Liquidity Pool
FFSKNAKVSRYFCPITAB2QLKLU6OSAS3OLY6NGV2MQ5GTPAJH6Z3AOGEAJOQ,Pact,COQ/ALGO Liquidity Pool
FG6JVVAMAVZZX2NMCKYRXPN4JEDTVWFTKAZA5HKUTTGMRDBLU3YTRKWX4E,Tinyman,PWFOR/ALGO Liquidity Pool
FI4DGBH6OVCIPWOMXEUPPYSJ5FCZJXHFFDQA43GWYTE3E4T3G2GVVDOGPY,Pact,THC/ALGO Liquidity Pool
FJNL2TRJ5PIIGFMOLJVCDBHC7ZGYFS74WZVX7QHJVGO4XW7CFQRV6YHWMA,Pact,HDL/ALGO Liquidity Pool
FKMV6GSU57764TQ5NLSBEDXNPUXL7OAOKANVDP2A6FSB77BHI3GTWHQAZA,Tinyman,goBTC/ALGO Liquidity Pool
FN4K5RSRBVH5ARP3HWV6MQTVTFMDKROLPO7ZBMU3J4GEK2Q5FKMT6EWLLY,Humble Swap,FIYA/ALGO Liquidity Pool
FPOU46NBKTWUZCNMNQNXRWNW3SMPOOK4ZJIN5WSILCWP662ANJLTXVRUKA,Tinyman,USDC/ALGO Liquidity Pool
FQ5L4LMVE57HNCHKVXTZHWWEJNPO7MBBHIUK35E2HTNXJPUXX6NGR5K6HA,Tinyman,DIPL/ALGO Liquidity Pool
FQFEBWAS5BTRLVGEYJO4MQJAAETMHGUVCRQ75FEIZJ5BGI7BHLUTTGWGOI,Humble Swap,PURRS/ALGO Liquidity Pool
FQU6MPM5GK27EYUZFSRDT7EMWNHQJWBBXPGXIAZEODRHN56ABSH3LZPRGM,Tinyman,CARD/ALGO Liquidity Pool
FVBC3D3LCKERZAJFTI47UCEE3CEBD6WS6YQTJZVP4TTL7EHN3ZHR545FQY,Tinyman,Clown/ALGO Liquidity Pool
FVM4PYJ6KTMDVDUH2T4LQESVRTFSCHCJZBZYEGVR4HUD6BD6Z3GO5OECDY,Tinyman,xSOL/ALGO Liquidity Pool
FVV5BJOEWM67PTCGMWBT4ESL5GN2EUNEKANBLZKJLEKBZLZD6ZZKMYP4RE,Tinyman,2JZ/ALGO Liquidity Pool
FVWPXJARGSRGLPBU4ZHTPYXZ7SQSID7F2FEKNJM7PH5YULQHPRNU4X27AQ,Humble Swap,BANK/ALGO Liquidity Pool
FW7BZD6NV743RZC7RZINGZGGSPSQSUJ5NRK2PCGXU4RUI37677RWNUI3VA,Tinyman,COO/ALGO Liquidity Pool
FWCFRWJAL3J5TM56DRZ2NGZVEBO3NPNOGNZRLF2ACDL37WOOIVXP65NKNU,Pact,Max/ALGO Liquidity Pool
FX2SYGWYWUEMJCQCL33VH36P4NI2STOWXATPIEVEKJKRCDHDSHFLJNDACM,Tinyman,ZONE/ALGO Liquidity Pool
FXLICSX22AAQ7LILA2F55F4Y34B2FXYOROTY5NJBWZV4YKD4MIDG5CD6FQ,Tinyman,DGL/ALGO Liquidity Pool
FXPLH7SOQL3JFSB6V63VEDWQZFF4KBRD5Q4QDTFJGUWN6JNOU7TTYLUYEE,Tinyman,META/ALGO Liquidity Pool
FYZ7ARDEBULFJYWXOOSVDKRHWWEKABLVRIWR6B4CZTRMWXFL254MJ6I7JU,Tinyman,SCOUT/ALGO Liquidity Pool
FZWNXLK3C3MRUF75JA3QXXJV6WGQ5GXCO5IG22W2RBET3B4ZUEKSRQEI5U,Humble Swap,GHOST/ALGO Liquidity Pool
G24JD7S5WM25X2T4QG2LQHJSLSCE3QLMQEWX4HO6AN3LG2PAKOAB4WW7TU,Pact,WOOD/ALGO Liquidity Pool
G274TF2XGHKCEMTFWUES5TDNCXXGYSM3H77RU3LQC2KS4G7OF72F4W74AY,Tinyman,TAKO/ALGO Liquidity Pool
G2CMSIRWJALAVLGFR4URSH24KOACGDSRMOH5RJSXQWSJWHYDYOCTEITE6U,Tinyman,Patties/ALGO Liquidity Pool
G374UD3EDEVQTLQX4A252HRH4GOAYKJD7Z3FCOLG3EQZ2UJIGO77OYJPUU,Tinyman,FISH/ALGO Liquidity Pool
G3N2KKS5KPRVN3UWQJEL7UCOUFST6JOFVNYNDCLMCYZLPOH6644PEDJUYI,Tinyman,NRPGC/ALGO Liquidity Pool
G4K5P3KJF3NGHVJP52KOQTYDHI3BLBBLGZXN7LWWBWA734Y3BVVRZJ3DSU,Tinyman,LUD/ALGO Liquidity Pool
G5J2X3Y262QECQSLMB6UCEVX6PCT364YEKG23CZ6YLQUHHZVUNNNLFUWEI,Tinyman,ANKHA/ALGO Liquidity Pool
G6ACWKTWJAFNSEAIDNBUIX6UOSDBRXL46ULGBD62RQTM7CLM6IYF2WT3UQ,Tinyman,GP/ALGO Liquidity Pool
G7IG3IAMIQ5LMFUGDCGTIDFLYAUU2CGFZZX5P56BZIV6VAPNXJ5MMDCLLI,Humble Swap,Tacos/ALGO Liquidity Pool
G7YBOTKFIMKD3IZP3DI4CDFDH7EVOCLAUDFRAPHGY227BMDKGWCUC6KSZI,Tinyman,Apulse/ALGO Liquidity Pool
GAQBATARDKXIGRSMBURWJZI4ZPLDQEG65IHOFZUG3OP74XQHIGY4NYMFTM,Tinyman,BURGER/ALGO Liquidity Pool
GASYYNLRCSNPPIL6WQJNBP3BTEOYCGDLQZWPHF2IKVNDIWP7RNIPSBKM5Y,Tinyman,Vote/ALGO Liquidity Pool
GBNRG7LOAS7SQGITIZDV3VG6O53CA4XTNU6HGMYYLN6KH7MB6URHZGR4DI,Tinyman,PCHY/ALGO Liquidity Pool
GCAPOWTVEJJQHKQO4HQ2XTPK4WRBARHFUPR32EWENGHWLRGPA2XS6QHXUE,Tinyman,AGR/ALGO Liquidity Pool
GGE6A3IFHFDYMB7JZ3EOC7OUP445A7CMNED2JU5JGBJ6IQY7W4QYQ2T3HM,Tinyman,PWCREDIT/ALGO Liquidity Pool
GGTUGV5Q5SVKTIUH6M5TMBCEPPESRKPHCVKNSQUAQLKZOXTKEZEIXHYENA,Tinyman,STBL/ALGO Liquidity Pool
GI2NQWDQE6SC7HZWBBCLFCRD2364GUED2EXCBUCNR4B2ZEIFKYKAHE24AA,Pact,MemO/ALGO Liquidity Pool
GIELFT2PZSGY4A2Y7J6ZTDIRR4Q2CACZVI2WVWJRNYJNTDHDMSKLHHY47Y,Humble Swap,Labrador/ALGO Liquidity Pool
GII6U3WIVUD5FTCGP3DG7IFTETBG5IPNFOFICKOYSYM42PYA5VN6N46E3Q,Tinyman,DC/ALGO Liquidity Pool
GJQLSF3KJZFRN7PMUYLDAOUVNHQVFMFXUNO6UPXVQH3GJXM5T53PF4TXEE,Tinyman,Max/ALGO Liquidity Pool
GKSTJFXXBFRMPT6XRPDM3N26L5ULK2QQJGOBGIYOERAKSUTXYR7KXXRBDU,Tinyman,GAS/ALGO Liquidity Pool
GKTVQ5HQOCJP35XUOYD6EAJB3HQDAZ2262VOPUSBLIJDGHJZ3LIF4UWHZI,Tinyman,FLDS/ALGO Liquidity Pool
GMMQ46NEL47ERJPFEQXZ7UWRXQJINXTZ22P7WU5THDCN4SS7KHIBQCZ7C4,Tinyman,Space/ALGO Liquidity Pool
GQCXQBXFG3N43MFC4BJWG7S4TDJZ7VNAPUGRTCFJDOBXUWX6EJ534JDBCI,Humble Swap,USDN/ALGO Liquidity Pool
GQKYAXO2BXC6PSNYRLQGYYXFFEGLDID4UK63G2DR22BEBV5YHIJXSQWWRQ,Tinyman,GF/ALGO Liquidity Pool
GRA4C4ANQUDNXPSPGI3QV35CFJM35S4PFLLLRKMBHGNVR2BONS4OPHYHTY,Tinyman,FIYA/ALGO Liquidity Pool
GRB5LAF4BT6JSGKQYJ4NXKFMNYTNOCZUMTGYUE6L4VMGMDBNZBDMWES3WI,Humble Swap,STKE/ALGO Liquidity Pool
GS2GAFA72EZDM5RX3QADMO5N6QYOK5BGA3J2OC5O4UENU54UFEKED7NOR4,Tinyman,SHSA/ALGO Liquidity Pool
GSYW5K47E3JLUQNFDG7G77Z7QWQ4SHVIST4GZZ3MALRMFZYDOVAD3JOJMA,Tinyman,FACTR/ALGO Liquidity Pool
GUD3HXPFKR7FGR5M53XDDGXVYZXELGZHUTKAGKE3AZYNJAT33EOZSTEAMQ,Tinyman,Cujo/ALGO Liquidity Pool
GVAD4SIA3AE24G7FEUMXEFVW3B6IDXIAMRHAQNNZKIGWCFYDSTUNGRGLRY,Algofi,Block/ALGO Liquidity Pool
GVHQLW7DDTDDI43SRYQ5X7YYIJWEUXWISY52KXH3WE4RZIPC5CXCCB63CA,Tinyman,GAC/ALGO Liquidity Pool
GVPDMLD4EUMEE3OPZVP5E6BIETIHDISGVFGGN2IOQJDZEPSPD4KUILB5WA,Tinyman,STBL/ALGO Liquidity Pool
GVYSAN6XZVZX4YD3GDS4ODGYM77ZVHN2V5L73S2USW3M3ERALKXLM2GDTQ,Humble Swap,ALC/ALGO Liquidity Pool
GX2RAYAGFF6G46645F2TM4OO53H3QDSGFQ5IWJP6IFWV3W4UYBO3OD2TUA,Pact,gALGO/ALGO Liquidity Pool
GY4WSZJHJXYN6MCADQUA7GGF2FXEFZX5H3VMXW6HKIJECP56OCP7F2PF5I,Tinyman,SUPER/ALGO Liquidity Pool
GZNGQC5LG25CXHFYF2MRTIZSWIRUUT5MG5EQTWR3VHJ6FPXREVDHCAICAM,Pact,BASED/ALGO Liquidity Pool
H2GO7RLQCCFEETIBYDZQWD5DHFJ4GDPAIYKGFUU43OAL7QSZJI7FACDS2I,Tinyman,AFD/ALGO Liquidity Pool
H3DSZ4DXLJQ7OXG3NQUSGS2NXDNQG4BVZRWJWGGWDOVORHRTLE2IVJYGT4,Tinyman,ACORN/ALGO Liquidity Pool
H5D72M23JBU6P6YJDRPGZYSFD4FXUI5QSCLEYS5MJ5JL5ONOUNVVOMF774,Pact,DBD/ALGO Liquidity Pool
H6LBFSIYCPHLGKR2QODAMA4UGUDJZISV2B4XEDXSNBKLC6NG6TJLYBN3PE,Tinyman,Mudra/ALGO Liquidity Pool
HAA2V3DGXM4YJJZ5FTTPTWIQP4OXAKEM2BN6AXPMWFYDKJQSM7E4DRW2E4,Tinyman,MFS/ALGO Liquidity Pool
HADPHCHSVJ5FN35W2LCFU7UUWEN7NETLHJBY6ZGOCQOUHWFQBEMPSMML7Y,Humble Swap,LAGOS/ALGO Liquidity Pool
HCDSJAMU3QUFTN4P3H2J27ZHPV7GU3G4AMXPOUNHRSYGJJHTPQ2RXLLA7Q,Tinyman,¬£/ALGO Liquidity Pool
HD5LBZSM5QNXJVTZAHQYDLO25YUG2PK2FFCYNSSFPRINU7LAE4WY2VZ3QE,Humble Swap,ORA/ALGO Liquidity Pool
HDWPATPGX2K47PQZ4GKZBLCMVD6KX3SP4TZ7NLXGDNPV3IMDUOWZEKQZM4,Tinyman,AlgoZnth/ALGO Liquidity Pool
HEEDVU72ZOLO3K5RWK6K3IE5NWMDRBVDMZ2UL33SGURVG7M7CYO4UU2CVE,Tinyman,APT/ALGO Liquidity Pool
HEVCYUL2NENZFMSES7BCHSMUQG4JQDAIVAUSAYLLDMTD3RBVZOCO243324,Tinyman,PSLM/ALGO Liquidity Pool
HFPPRYOHQXEPBVEOR5ZPXNATZITNBWCBDHZEVNWWJUVZ5SI624FXB4R6QY,Tinyman,Bison/ALGO Liquidity Pool
HGXCYT22BR2HYIWXMA4TU6FC65HYK32N4RXT6GWPUB7OPK5YZY3KY7IHJI,Humble Swap,goBTC/ALGO Liquidity Pool
HIRLFMYDXY62F563HBGH5VHHNZULHELHYE7Q6J5HKR7M7JJPSCEDCXFGJQ,Pact,YLDY/ALGO Liquidity Pool
HIYRBLAVNA36GIHY3UPTID5YUMQ6UER7ITZDSLBJV6NCFAWIMEYVFSKWXA,Pact,STBL/ALGO Liquidity Pool
HJL2XF6DJPFFISTTVQYHON5WGKCZAPW3OB3JSR2OHAFZ2JTR7QZT2JUOQM,Tinyman,PURRS/ALGO Liquidity Pool
HJME52XSUXUNIUJN3CBPSSYHLRB7UXMOSMTATDTIOYVWSGKA5MQOVD2F7Q,Tinyman,GP/ALGO Liquidity Pool
HJO3TLP6H46NEUCVDYATKJW5ISS76V2HFMO2EUBIG5ZXAQQHYOX4MQKYS4,Humble Swap,FRY/ALGO Liquidity Pool
HJOT64XK3POOQCNK4SBSVVDRM7RYLSXZCRIPEK7XDFTC6BT6HDSLCC4TGM,Tinyman,Nugget/ALGO Liquidity Pool
HJURQTPEAEIXF6CIG7DACF44YHWEGCDYHAG352LBANMOIQFDII2VLBNALA,Tinyman,JAM/ALGO Liquidity Pool
HMRN5OCWM7ZP2FFTSTYKCXWXM77WQWWZNAMUNRXQHWVID63LWWGENZXWL4,Tinyman,HODL/ALGO Liquidity Pool
HNOP3MBAGGQZUCWSQGDVRVRNKDJUPN75UVVPG6FIRLKP7NYZUZAVC43H34,Algofi,BIRDS/ALGO Liquidity Pool
HPO6AOTL6YFFJNDNNK2UL6VOZWMISPELKEUVXSNWGRUONDFHCY7CIEZTRM,Tinyman,SNIFF/ALGO Liquidity Pool
HPPSKZI7BIRCTCCTIAFES5LWP2WZUQJLKFUQPBK2FOXHJSA2J4BKCNL42A,Tinyman,STKE/ALGO Liquidity Pool
HPSDZOIBAPREKKIKWDLKRKLQKFOFU3KH6NGVS3YGVZD3E7ZIK2ZPKYSRNU,Tinyman,DEGEN/ALGO Liquidity Pool
HQFEIIANX4QSR6GJIQSPGUUSFIEJR375KFFSCR3FNVPQ2Y3VCQJKQZZHBQ,Tinyman,XBULL/ALGO Liquidity Pool
HQJBLGVNVEFPV76HGMHY4AYL7S3HSHRMXKECE5GVC67WU45WCZ55MY563E,Tinyman,TSU/ALGO Liquidity Pool
HRB6Q6WNCLBIWOWHWPQUN3244ACWZIZPN4EIWNFIZ3QWNXHO5NHIISDEOU,Tinyman,Doggo/ALGO Liquidity Pool
HRE57PNPTUF5UG2U5D5E4KOIBLLOHXUEK6WPZT7CQKVWK5BLVRCDCOKZAM,Tinyman,EXP/ALGO Liquidity Pool
HSKYMKWHLRQWQEBJUFB7QLCRJVY5WB6GT462NSVIXD3MQFQNWS2QYFXNMI,Humble Swap,GARD/ALGO Liquidity Pool
HSOAS2LRO5UHSK5ZC7TYLSVRG5HA55ZYW7R4YKL2GXPR3F7Q6IEZOPFMGY,Tinyman,AGNR/ALGO Liquidity Pool
HT26M7BXA6BBRMCUOSFELQQVEDAO4ZPVDTSOJZCPJJWH7GNY4C4T66VDTY,Tinyman,BTC/ALGO Liquidity Pool
HUHI2LESZUPHZD6VASLL67NWC3BCGHNYB2JDAUIJWJQ6QSEC4BWVXCIHD4,Tinyman,aSHIB/ALGO Liquidity Pool
HXGQ2TRCSKP7J6PMPAHGY3FL5WAC367ECJYXMFV5QUOMBVDCQUSTOXMQTE,Tinyman,CIG/ALGO Liquidity Pool
HXPA66DUQCATBOQFEPRDMNHTQAVTUBWDXHIRXLL3AZSIHWGN4VT3X2IHFQ,Tinyman,Xoge/ALGO Liquidity Pool
HY4E6UXERG2M6NIQOKR2QQFHCUW7NIRHHZWUVCDVAMC55GRE7LHUNTBPYE,Humble Swap,Clown/ALGO Liquidity Pool
I3DMQXH5ANPQUYINAQ7H4VOGVWEC7SF4CST67QDLIB5X5R6G6MDGQW2UO4,Humble Swap,HDL/ALGO Liquidity Pool
I3L3U6UIYEFK4HOOP6K6MX64QURZ2RSYKWE4FQHLDVF3U4YJ72DART6YAU,Tinyman,TGLX/ALGO Liquidity Pool
I3WFIWFPRYY7YQT72CK7CCBHXXY5WNMLDDFW6KKQX3F5SZZ32PUCHZGERI,Tinyman,chip/ALGO Liquidity Pool
I4XRTDV2WRM24CWV6BPSFCCSRT624NBHOO7CMPZKCEN2XAV7I2I3TYRVZ4,Algofi,AKTA/ALGO Liquidity Pool
I5A4R3EHK7CDAZJ6VGIIOAO4BXZTLOCT6354KBQEXKAQIVZCPNXKNS2VGY,Tinyman,SOCKS/ALGO Liquidity Pool
I5JKKXIC4SNG5ZII74KVVUOILN5QK3DI5UATB7SAJVVUOOD3WEUKC3FWYU,Tinyman,Coupüé´/ALGO Liquidity Pool
I6PD2CUHBTSTBUKQO37FM7DP4CVGTQXO2ZEDR7MZ46UTNO6Z7CNFNGS7QE,Pact,Gold/ALGO Liquidity Pool
IAITQ2RQALXGT7ZKWCLHTMCPQ34Y53AUU5QFTM7CLDBALMZKPHRCFQMSPQ,Pact,OUTSYDE/ALGO Liquidity Pool
IALQBRDN24FQPTLLMXFSRARECGUA3CP2WPB5UHCNJIGZSMBRJO6HVNX3BA,Tinyman,ELGSQ/ALGO Liquidity Pool
IBNWMU3RCSUSGHCE3RAFVQNW3UM7RWU4576YEYWZ6GZMAAGBKOT2AQILZ4,Humble Swap,WORMHOLE/ALGO Liquidity Pool
IEC3VOXVZVLLCIAC5BV6EMYEQKNAZRMBALR7CMI3DVCPOVVX4NLFFVVJX4,Tinyman,BASED/ALGO Liquidity Pool
IHPD5WQX2K6IDVA4TXGS5OUTOGN2VCSXNLA5FKOYFOGVBNEGJ4RDGVH5MM,Tinyman,BONKY/ALGO Liquidity Pool
II3DOHZLQN7ZHNUTFFTL6MPDJRRBGLTFXSR2WVNUQKU4V32OXUPVST3H54,Tinyman,LTBX/ALGO Liquidity Pool
IIL4SDIIJRKUS5GGKRL5CKOP5RI77ARVQBPUS7R4HQHQ5GDJJXJSW76AEY,Humble Swap,Jimmy/ALGO Liquidity Pool
IK3MC5KJ4YH3OAM55GT7NG62KBR5OWL2Z55PXVYBGHFII6GQHO7CY5XLFA,Tinyman,PYTHON/ALGO Liquidity Pool
IK7TCZYJOIOR5354IH32ZP6Z5UQFDLJEXNQZ4QRJK7CAN223AEPXU2EU6A,Humble Swap,COSG/ALGO Liquidity Pool
IMQWBKERYNAEU65H7XTSEANU75KLB4ALKQVMTOMU4DGUDUCW3GNLDRZ6QY,Tinyman,RPA/ALGO Liquidity Pool
IMZYZBLEJS3HSV5MBBICGJH7FJAW3QEEUE5NJP4SG5NGWKP4PXFLLSWC5A,Pact,AWT/ALGO Liquidity Pool
INF6MITDDESGJMCDS6B4LD7K4EVSKGJU6HSGN5ZUIJOHRBWUP7FKE37G3A,Tinyman,AlgoFuel/ALGO Liquidity Pool
IPC6CIC53RNQWDY6D6H5YXUOYDKIRHUOUMK3XA6QPPSN3GTG4T4D7FS6OM,Tinyman,CSA/ALGO Liquidity Pool
IPI3VOFOZDKEEADKGW6MPJNTWNTXBNWVYKAMFTTMY6MN6WNH3BBBW3V6OQ,Tinyman,Amina /ALGO Liquidity Pool
IPMALZSBXJEOOOEAHMHQL7ELBD3MEJSMMBTVNSIJXTF42D63PSKZPKHLUE,Tinyman,ANTM/ALGO Liquidity Pool
IQ2HFX53XBOLY4TREKRPPQDRMZMT6TUDJFTZDYIDYY7SVK4TENBRU5WLJU,Tinyman,INU2/ALGO Liquidity Pool
IQBMFT3TW7F4FBRKZBAM2IF3VOMRM5BENVAJY4NLH47SH3QYA2CARZEOFM,Tinyman,RAWR/ALGO Liquidity Pool
ISB2LJBJHR6HXPSSWFE5EW7HPJ4PGZ2CLSU64NF57FG5W6CQGCL6VFJOIU,Tinyman,MCAU/ALGO Liquidity Pool
ITA5IWU5CUXXDTQLMFH2FLBDVOR67E6RN5ZVT6VNJCM623PXJGZAMB2CIY,Tinyman,gALGO/ALGO Liquidity Pool
IUEDOCRZG7PK57BTDQL3FHG74553DPUAQQ3ZHUVHJQFNZJJRNFVHDVPCGM,Tinyman,MCOIN/ALGO Liquidity Pool
IUUZ66NGBEKKTZ2RW7CAUOGEIBOFTYNUNMMEUSS3K5CSJAMGDY747F5KIA,Tinyman,COOP/ALGO Liquidity Pool
IV4BQNBVA3YHB3GVQT5RIODF2F6DL75QUWW45IJKJCQWQ4I4DLC2NRGEKI,Tinyman,PARI/ALGO Liquidity Pool
IWT4WOUKYQBCAO76UKWZ5E4CPIJVLBE5R3NX5QH3BXMTG34WU7ZCLJ4RVY,Pact,goETH/ALGO Liquidity Pool
IWTBETTQCCXP2PSWREGVBDPLGLT7HLVDMNPYTZYEZTKGHA4E5YLLSZZ4YQ,Tinyman,gmtP/ALGO Liquidity Pool
IYXXJPAKHAU23LY7OJZOJXBGYD5V26XDROPI4LKWITQPTFYR6GCGMBINV4,Tinyman,COQ/ALGO Liquidity Pool
J2ETUQL56TNTTAHCIRMT6CIXNV7OBV6TIX6Y2PBUS4LRPVJ4FZAODWUZSI,Tinyman,Caps/ALGO Liquidity Pool
J2WS2PLT3WMRRRFPEBTKAA527AXCZQRET3TLAHRMEMEXIIZPQCL7MCBS64,Tinyman,USSR/ALGO Liquidity Pool
J47VEAAE7SBTSBGVGK7PVFWKVEJJRNW4ML2IDK6RVH4CCXKYFO6DXTAGAQ,Humble Swap,Planets/ALGO Liquidity Pool
J5ILI5RQGUAXSTATLZKVR5DD5RPANXPFPTDIYYXURWIK42JBGWS3HAWRTI,Tinyman,WBTC/ALGO Liquidity Pool
J5RB5LDM7GU4ELAEUYJOH4DNSDFFQYPMYDEHETPTIGAZ3NNFIVZDUVF6VQ,Tinyman,MEOW/ALGO Liquidity Pool
J6NUKTKNSTWQZXUNWFX3YGWUAPMLATUBBLMXEM3AJ3ZNTJTBL7ALHZM4XM,Tinyman,BORPA/ALGO Liquidity Pool
J76DEB6FVDAMRDT7KREHBM3LDPSCSTG5DZIOO5SMXLDLHNUHJINKZ73U3I,Tinyman,PRSC/ALGO Liquidity Pool
J7H7KKPXUIKT75REDF44QOCSCUFTENEWILQDFHHARJ5YRV5AMEBGPZ3HGM,Tinyman,HOHO/ALGO Liquidity Pool
JA3HJ7OXYKTJNZFVVPHP7RSWPCUROXX3TL6L7YEBVMKK73QEDIVZSCLOGQ,Tinyman,OPUL/ALGO Liquidity Pool
JAPPKKZ7HOT4EPMHSMOZSHUOG2LW6RMHFBAF4PSGL33KX4NUTRPD753ARU,Tinyman,algodots/ALGO Liquidity Pool
JARIVY7PPFCCI6TUQF2STTP6EXOSSWSQ5QJW56MEVDLFNAEUQ23ONJAJTM,Pact,SKYE/ALGO Liquidity Pool
JBJSHMOTZESUH3YVDHSMCFVPWPMELPWPFXPW5NZORDPKJGPUQRV2VGFVPY,Tinyman,GARDIAN/ALGO Liquidity Pool
JC4DDEIOKDGE2OUWASDPI3UHVLJIDK3USCV5TMHXJDAVZ64MYCMI46CO5Y,Tinyman,SGOLD/ALGO Liquidity Pool
JDRXZVDC522CW2BGT6M46F4ODR4WMQMYKJV4UFEYR634F4KRCMRRFMHVSY,Tinyman,FLUX/ALGO Liquidity Pool
JDXOJVZVMOQSHTDCF3C33HZUARC26XRRTWQDKUEP4XLXU3NBYS2MWCT57I,Pact,OPUL/ALGO Liquidity Pool
JEHWNGR6SW3VWEHFHCNWHNQFVS5U7FW2P6JCGU327Z2DNN2RL77EIVESUQ,Tinyman,SMILE/ALGO Liquidity Pool
JHH4XL6NEAXLB7NXWYYXSMR53FF5CZWVSAQS7T2OEMG4FEGTPQGL7RGN2Q,Tinyman,CA/ALGO Liquidity Pool
JHSQEH4CIEOT5PQZQ7YD5SXPE3F2EPU2CDWTWK4UB5I4GNJ7SF5SXLEO7Q,Pact,USDC/ALGO Liquidity Pool
JJB6EICOLCVEJR3EAZLKUVX74NKFZDPI5O7ZPUC2DUTNZVMUCGLBKUL6EU,Tinyman,ALC/ALGO Liquidity Pool
JKVSUE4ZEQ2GWAWHOC6MIXXZ6RPBVOILJY6UYIHIQRJLJIBJWAYUIGIR7M,Tinyman,MAC10/ALGO Liquidity Pool
JMAFPXD6DN63A3R6LLUQAWZKFC4PDR53XYQPR5MYBTJFQMR753LIAFE2U4,Tinyman,LaMDA/ALGO Liquidity Pool
JOKEPX4ECQZCFBK2TLRRXEOSAJOU5SXIEJUI7RDHS2JYWPRVLYYEBLUCRU,Tinyman,AL/ALGO Liquidity Pool
JOXDKJ6PEIFUTN7EU7ITFXBXIESXY56GVKKSE7AUC7PMYFQ4PP2YP5WFSM,Tinyman,Spud/ALGO Liquidity Pool
JPH7TGK3KHX5BQYZARBGV5RTMPA2UK5GNCB5F3JYHGJV2TGOG56GZPAPMU,Tinyman,RIO/ALGO Liquidity Pool
JQ6A6BUMSIHGVU4BAL43Z5TAXTHJGMG3OWEC3NLXT7U2FJCHR6CJJFVF4E,Tinyman,EGHAS/ALGO Liquidity Pool
JQTH23UHSMTOSJVKVQ3OWSRDA5A6FTHDUXKWKYXLUZGBXP4SUW2WYRZIGY,Tinyman,OUTSYDE/ALGO Liquidity Pool
JR4RYGBAT75DK25GIAJTZWLYQGGRIQTDSLG5OHQDYGP2SNSV76A3S77XVA,Tinyman,XTT/ALGO Liquidity Pool
JSEC5WRCFJCGENJJ46FHDCFLTRPG7UPILRSZ2L4CBHJ2SBKY6SLAB5TAEY,Tinyman,NRPGC/ALGO Liquidity Pool
JSVXXJEBCJVBNO43CO5LLUXNLDOQRCJ5ORPBLIALRTDWGB5DZGQVDVVC5U,Tinyman,Dragon/ALGO Liquidity Pool
JTGAN4VUDH6DCFU5J2BASNYMK44BAENQ3MEVEEJFXH7MUGZZYTNZ6LRRBE,Algofi,DEFLY/ALGO Liquidity Pool
JTJRQ6Z5ASOAQDGGVN2WSNMGO6SF72CXDRS73NP3YVYH7CNNHPCFV4HESQ,Humble Swap,voi/ALGO Liquidity Pool
JTQTT4HQPNZXJJXDTXJUPZDF7ESRO2C66ESTOMCSBZ5NOMDTSGO2XCKDRM,Tinyman,Peps/ALGO Liquidity Pool
JUZXRSJNMS3KPRHNT3WT4TNK6EHDHZEI7ND6Z5XL4XZMHWDYW46OYISLCQ,Tinyman,KINGLAND/ALGO Liquidity Pool
JVZ6MZLLNR66R3JKS5VEY6A7B37IUVAWY7QB6HUI5YTFU76NYBMEXCXEAM,Pact,PEPE/ALGO Liquidity Pool
JWOUUZ7YJJ42EHPRGW2NG64LZNUHNMWK7D5TE36GF6P6P2FXHGPZ42V2AE,Pact,USDC/ALGO Liquidity Pool
K244PBQOOZHZGVRWCDXX5UX5UN23QJREGOOWIKNWZWCEO7CMSQQ27CM5MM,Tinyman,GMT/ALGO Liquidity Pool
K24UJZ5ZIFR5T4JGA3IDPS36GVM5G2NCBMCNXXX57FM3CJ4UNPVZNERXXE,Tinyman,FRIENDS/ALGO Liquidity Pool
K2XW77VRLGOXAQ44GQYZ2ZE7VUKVU6RRG2I47SQ6JAYPBIGNK4FHJXMRAA,Tinyman,ART/ALGO Liquidity Pool
K4AV3KTBGECIFDHQBR27OOV3PF6PDTTBKBXCMOCZIXJBG6RLP4DNWF34GY,Pact,AKTA/ALGO Liquidity Pool
K5XENH4SY2IYW2HRDCZVDVWXEKRDMJKZIJP7HMRVPH7AYWVF655LVDMI2Y,Tinyman,Cucks/ALGO Liquidity Pool
K66RUGZKYDTYI7ZO4DRLQKILO7AZJZXZP6SE72PQ4SGV7FWVRNVSG6H3LY,Tinyman,PDAT/ALGO Liquidity Pool
K6WRMC3MKLBTBFJX6RM2UVBTUDCOQVMZFHTTIX22GJP2QIZRILU6OYWT3E,Humble Swap,XGLI/ALGO Liquidity Pool
K7ATNBKUNDHEIAOSJMFH63UD36HGBXGGHSIIOMAQ25FEVB7WMVJC4XGBHM,Tinyman,REA/ALGO Liquidity Pool
KCWDB4RKTFWEBG6W675DTHYSYVHOUGZDERDQLQ6WTMH7C3UIGRERHPNENE,Tinyman,RWDY/ALGO Liquidity Pool
KEDBG5PVK4MC7P4HN5Z3K6XP6F6HPT43EXZS7KJTRIB6LYATR2OBDTWDYY,Humble Swap,DEFLY/ALGO Liquidity Pool
KGBDPMO7SQDDVO7MEJL6BR2YBRZ4SVCNKWXCAKBML6SMPJKVPN4QB3MHDE,Tinyman,SOCKS/ALGO Liquidity Pool
KGTJ6FQOSTQ6E24WK3L4V5UZG5M3454BRX473BTGKD7SXEITQ2UUQDTTJE,Tinyman,IG/ALGO Liquidity Pool
KIQDDU4KRXFMUBMLQ75VN5R6RVQHNGHCEX43VSPYHGHBNW27AFNGEZ7EY4,Pact,USDt/ALGO Liquidity Pool
KJWFHT3BAKMRNMYVZ5UDJSIWT5ONEZQXLLGWSUMQHXNRQUYIYPB6X4WCIU,Humble Swap,YLDY/ALGO Liquidity Pool
KKM2UWJ7IQRSI3XIGDSKUBZL72APRZ45LUEDKV3XU4TAGJLZTK6LZDMGSY,Humble Swap,KBX/ALGO Liquidity Pool
KLA6SWFMIGTMEMQYFBPIMT56XWAW5AZ6E4ZVQQ22TN4QEWBOLELBKKGYTQ,Tinyman,BET/ALGO Liquidity Pool
KNPQN2O5RR7KMWZ56ALTFNQ2J6WIRDJNVCMHJEADNJ3V7PYDCA5KFDVJNQ,Tinyman,CRSD/ALGO Liquidity Pool
KOKKATXOUACJAMYZDMG3XDN5YKJRYEFO2LW2WLU6BVASGBR6NX3HNBIXQY,Tinyman,BOOM/ALGO Liquidity Pool
KOZHNF3T7TBPIEI2WLLEGB65PYTQ6Z4VVE6B3GHYOSJ4FC2VX77A7RT7VM,Tinyman,$JAWS/ALGO Liquidity Pool
KSDRZKHMWVPHMXZSJFEXGQB5NA4YVTLTOEDZAHOSOU5JW4JRSQTGH4QEEY,Tinyman,mALGO/ALGO Liquidity Pool
KTWJHYFJ2ZT4HUUNVVBENGTT5F5X7CPKUFX4SU7QYXBQKFQZGXUWRG3WHU,Tinyman,AO/ALGO Liquidity Pool
KUEWGBCJTDZZMC2FPTJUESXZ7MVAFEYJRBIWI2LNVU45AIJ6ARLLHHE2UM,Tinyman,LDA/ALGO Liquidity Pool
KUM5NCBG2QJ6SN5JIRN7NZS5HZQPZJOVV7KZM6BLJVAZ2SYNVQNSAR6RXY,Tinyman,AKITA/ALGO Liquidity Pool
KUWCLXU6JHICUZ2XP5NMLCEQIP55ZRBJXWAUIEUXW72OG7MPA2IDXC7EQU,Tinyman,MOONBOI/ALGO Liquidity Pool
KVKPRJNIYCSUAGTZKEXQARO5I55AANWAQEAPP7MA5B7CHQQE5ZEUY4JKZ4,Tinyman,GEMS/ALGO Liquidity Pool
KVVLRUSKTQSKQ7PC23QIEQYS4FRLCHT5GSU7X6IXA4HB2KZS5YRGFKQ4PU,Tinyman,OTSDLKNS/ALGO Liquidity Pool
KWAPHA5KX43PQ4ATWNGQNYAZH7YR6CMNEUKJ5FQRAHFRYG7EEHWT4O3APE,Tinyman,$/ALGO Liquidity Pool
KWSX3S6AGDDCC3OCGHTPOE566E7GQT5O5C4BWFFULDHVTUAUCDEZTGNFOE,Tinyman,XET/ALGO Liquidity Pool
KX6S647W6BEN6XHEJVMXK3UYLVNGT2Q6PHQSF5AA2JSSDFSOX7R4MESXRY,Tinyman,YLDY/ALGO Liquidity Pool
L27ORBUGAB3LQ22X6WDWJPOE5KTJQTCO6G2HKIZWKVS4PJCU2YJME4MKMM,Tinyman,OATS/ALGO Liquidity Pool
L2COD2E3AVQZQINOPLKCZOA2CKWCUY5U4OYSZTJXRP5RFJ467SW6EJAQDM,Humble Swap,SCOUT/ALGO Liquidity Pool
L3RLGOFBAST4R36F4VNNHIPHYD3VFA3ELHPBPENHEDLSBHTZ647N5WW6WI,Tinyman,KITSU/ALGO Liquidity Pool
L47FF7DA4WBKVHD5K7W5FQSGZJL6NGQ4IDZHAN4KZJE6UDKIGAPB6M2RNY,Tinyman,DAO/ALGO Liquidity Pool
L6CDM74YQEZ7RABX7AGTD32ZJEMDOJ5OGY4QNGZUS35S5VPIGC5UNHZTPA,Tinyman,goETH/ALGO Liquidity Pool
L747MOJV43QCLY4HSWVPL2A5SW62IBLA5XPTI5R4HO32WVAWOO5OBCEP3A,Pact,USDC/ALGO Liquidity Pool
LA4MPZW4SUSM6BDQ37Q2LVEAGVXQGHT2UDDYSIHK52J4EYPCGWJBF7UQBA,Algofi,GEMS/ALGO Liquidity Pool
LAQ3RSC6GIV72JA54S5CRY2QOPWRPETDTQ3O3QAZTOFZH63QA4RLIT3MWU,Tinyman,Flerk/ALGO Liquidity Pool
LBG6G2SVISSO4BJOVRO72MXIO6YVZBBCQW3XUK37AC6JNW2YFDGIIYNWOQ,Tinyman,BIRDS/ALGO Liquidity Pool
LBGSF5VKXSPMHL2NLF65TCDBR6FMINO76KE4ATL6WVXSRUKVVABTZNDMNE,Tinyman,XGLI/ALGO Liquidity Pool
LCJIJ5AXYCKXFVEG2NKULD5ECJ4FNOI62XBNRK4AE2JCZIGERG24PKH5PE,Pact,goMINT/ALGO Liquidity Pool
LCN4BMVXTZJSMTNMOC3XT5TDBDGPQVVUC4HGM4Y53ZFW55M4T7GWUNG34Q,Tinyman,VERN/ALGO Liquidity Pool
LCRJMDIXHQASXSLPDYH5NWG2TBUEUDDIFAD7EHQI2QJGKOUDCLYF2RXDEE,Tinyman,EST/ALGO Liquidity Pool
LEXU2EYUOLSS6QWULIB5PGHTUOXHWPEUAEJPQ2HDUVRAGWTUSS6VN2QUBA,Pact,CYCLE/ALGO Liquidity Pool
LHHXTOH4ZLJZX4XMF2BLJACAJRGUWHXM4LYCSUAYFXYMMW4I7NKSFUJJYQ,Tinyman,F!ya/ALGO Liquidity Pool
LIRSWQHS3JPWHXXSPCI73TPJ4IHXMGU7MR27UUNC2P6C4H4CIYMWC3DT6U,Tinyman,RIZER/ALGO Liquidity Pool
LJXAVHNENA6KDQEQVUAZPO46WZELISTFYJEDWCXAWIZUB4ABZ4HHLFEP6M,Tinyman,ONE/ALGO Liquidity Pool
LKKVK3J4ANL6QGUXGNCHYCVNM6KBUFUEGRC5L3YJOZFICHYE3WYZIG3BW4,Tinyman,RDINI/ALGO Liquidity Pool
LMU5MRQWB3DDSM7J3YY32OBURDL3FHEHQW7J6USTIR5J3HSCNSCDTGDTCU,Humble Swap,goUSD/ALGO Liquidity Pool
LNHRZ3NV56PBN7VLA3ZMUMQR2PSAAAWX7ZT3ZFRSRHZDU2RJRTXFTQIEBE,Tinyman,PRSMS/ALGO Liquidity Pool
LOL3TGNQIDI7U7K5WH4EGEEGY72YB4QMFXLUYRY3IGKCLFDPB56VPAOPTQ,Tinyman,Pup/ALGO Liquidity Pool
LORQFMZYU3OSXYU33FLC5D6JOAZYWWQFCGOS7KF6WLGOFRC6VNIRSMPIPY,Tinyman,DC/ALGO Liquidity Pool
LPRHPC74M2H5SPQNL4NES2QMXRR7HOMBF45MA4GI3D4LW5AHZKBFTMBI5Y,Pact,COOP/ALGO Liquidity Pool
LUJVL5YV5LHL7NRME4MUQI6PGXPGTVVTPI2S4BRQNVQIGALOXIKMN57JSQ,Pact,COSG/ALGO Liquidity Pool
LUKPHRCKPCX4SC32ZI2BXH2OQ3HDCQGKFTFCZEVXOWICY4AG7AQ4S5NKEQ,Algofi,STBL/ALGO Liquidity Pool
LVTYSXAG7ZUJ5FRA6X6YN7P7LOP4TZ2Z7CB5ZMIOQDQW7WGUNBZLHHNBPY,Tinyman,FJB/ALGO Liquidity Pool
LWKBIJN57QE2Q6EBYZHMGUQZZ4Q5OU2NCGSQK2I44XVLXACSF6DRUZPDKA,Tinyman,Peach/ALGO Liquidity Pool
LWWTSGCDF4YW7DOMHUB5LZBVORGH357CKPXSLAFEDYQSUKMK427H4YLDLA,Tinyman,SEEDS/ALGO Liquidity Pool
LYIPQJQIQMO3TSJBIWFDIOS7JSRJ2CXEILBH3WOMG6MOMJVGJ7AGCPQEEY,Tinyman,STEEL/ALGO Liquidity Pool
M2MITSIWUXHB6SXHVTB5UOSZYR7QWBO775X7T6GMKSKOX4QUYA267JIICI,Tinyman,LOUD/ALGO Liquidity Pool
M34UACEHJAIUYIIWZR6UODZ2MK3P6AGCWKDELNC3DAFFAEWT2NO4O6V7MI,Tinyman,JST/ALGO Liquidity Pool
M3QSRWMIHZMLJRJ7RWPGVF4FKHMCXZNSIELPY3VEDHM5WSXZ63AHVRFAZ4,Pact,COQ/ALGO Liquidity Pool
M3U6M4YMDF63EFODUAUSHVO47DD3NDHLCFYRC7XPH3DS6RSBVPWDNIXRUI,Tinyman,GORILLA/ALGO Liquidity Pool
M4CSXAIZQMAPOLKF7547G7GNXAL6UDUSSXZKVJXZQNI7Q54HJXRUXQDP6I,Tinyman,ECOP/ALGO Liquidity Pool
M6T3OFNYERJW3UMP6NSJLRQXMR2DT5N2XVYNUGM6RVRM763TWG7VEFTD6E,Tinyman,LTBX/ALGO Liquidity Pool
M6X2XP5JZ27KFQ5YMLANMZN2VS3MCJONI3ZUBG6UEKWCVFRN4A7WT27P5A,Tinyman,GOAT/ALGO Liquidity Pool
MBZCPCZ63NG4QV3T7CTID7SR67NE5DO74DNHHPS2763L6B7YXG2EYRYCKM,Tinyman,goBTC/ALGO Liquidity Pool
MFKPZAXTJHVEZQSS46WFPWOYQNDGVD32U5IZ7QOGN6MIIWKFS2DWLFUTF4,Tinyman,LQL/ALGO Liquidity Pool
MFRSKZDSD5D7TYTTMNKIPXRCI2JJ3D2XNIMQ4IXCIS46SZYZAIEK5MNV5Y,Tinyman,ZENI/ALGO Liquidity Pool
MHJDYIRQYE3AN7L5VA66HWQ6LUSM5XHJZPPW2Z4BQNYWXOG3CCRM6FZUP4,Tinyman,FJB/ALGO Liquidity Pool
MHLK3CZDPHIEVFXD5BOQM6BBGDZBUDYUEN3AT4Y7ZGYPUDVXL5CGEIPTKM,Tinyman,BIRD/ALGO Liquidity Pool
MM4NTQDAT32TSVDE65YXYUPDFVMVP2LUREJCQ4PJV4MFQCW5VV23Y5SEHM,Tinyman,USDt/ALGO Liquidity Pool
MMWFZUI6ST57KTPL4ALTRZ3BW5GS5X6SREXOX55BF2PD2RBNP5YDWGUKIM,Humble Swap,GAS/ALGO Liquidity Pool
MNDODNLRVFE7G6ZWA3ZKBCYXANU2WXQO5Q2UZZEV4HAFDRYXAPVNWQQ4YA,Pact,CIG/ALGO Liquidity Pool
MNFQZRYG5OHU7FGVRC4EPCUQ5OEOCAMU2SOCXNUTH2ERSBAGRBNRUVBFAA,Tinyman,BIRDS/ALGO Liquidity Pool
MNGRTU5B6GXFO5GNKH3OH33V77BISPJIGDYFJ2WPJHLVDTBZV22VZHU5RU,Tinyman,GBC/ALGO Liquidity Pool
MNHMCFKV36H7OTOWDSFF4PD7PI2Q6U2SNWVMCD47PRIUKBDY4NV56AHANQ,Tinyman,ToolsX/ALGO Liquidity Pool
MNQPTVCZBBFIRHOP4SVVRLDNQNFXTWFDWJKBJXDXWZHNCU36D4DBU3O62M,Tinyman,PRMDC/ALGO Liquidity Pool
MNTSVEHD7UP2M22MVQRKE7PBMZKJRWMKD4YMHMZGXB6BE5PCTGBZGVVCOA,Tinyman,ASD/ALGO Liquidity Pool
MOXTA7V5HDQPWDPI2L3UE6VQRJIDRDTU2K24JQVPWHTK4VCLVPMTZNZ5II,Tinyman,PARI/ALGO Liquidity Pool
MP7FHQVAGBZIBCHE6L4V27TBSFXHUDMTNQWNWW6HJXGECFREWZ2VG6QN34,Tinyman,ARB/ALGO Liquidity Pool
MQZ46BFC7HP2LO22ANJBT4SIIP464DC5272QNZOT2HGFOHRQQYNR3CCTEY,Tinyman,4ORANGES/ALGO Liquidity Pool
MT3IVYCNTYDOO4AXBRK3RQXUPCFTL6VRFIDWA65Z2KCKZHTZA7XUU5R7PA,Humble Swap,TRTS/ALGO Liquidity Pool
MTX3V2OTX6IOTFK2U7KA4KY6IZH6LM5RKDJOXV4PS775XRYI55SOEX2H5U,Tinyman,WBS/ALGO Liquidity Pool
MUGDC5IFPGEJQLZWYTDTBKPZMWQS6ALNJ7RKQT5CYASSGMKBE6VETMEDK4,Pact,goBTC/ALGO Liquidity Pool
MURFEEUADRRABP3YZVEWH367PX6KVVW4JS6NDC2JLZBMV65JFZMJ7H5FW4,Tinyman,gmtC/ALGO Liquidity Pool
MXYQUDGBWJH7JNTEQHQZAB7HXEAIDT366SKS4H4JOBCIOWEKL2FEX6XL7M,Tinyman,tHOPE/ALGO Liquidity Pool
MY4JQL6J6WKFWDU636K4572MSN2MGSBZXAEMZUBSKROKASMQGW6QLVIHZY,Humble Swap,CARD/ALGO Liquidity Pool
MYDGL2GRB6XFI2EUUZQNFGYCP3DVZBVE34SZTVUREFU2LKFCHJQIGXFS3E,Tinyman,Puddin/ALGO Liquidity Pool
MYGTCTOPDQOQMYHLNU65FSY624BOIBNIX2PE46D77SPYPKQIMDL7NI3YPQ,Tinyman,Genx/ALGO Liquidity Pool
MYMW64ZR3VUIYF5CDBM5AAWFQ25J2VNW4EET4O4ENM7ZTXJURN2PYSBWZA,Tinyman,goMINT/ALGO Liquidity Pool
MYNNQWJJ73VJZMH2RAHU4754JTVH5QHBHVDUO667I7FTVVS7D6DL62XJHY,Pact,Planets/ALGO Liquidity Pool
MYPMY76WKTVZX7AHUELLEK4MKGYRZAGC7H4FJIHPMB5XC4UM7XFGYV77A4,Humble Swap,Block/ALGO Liquidity Pool
MYYQA55EGJ2UHHGXSKNU74XGTGEQAHGZI4NOSUAUSPWQJQDTR7E7FWFBUI,Tinyman,ACRES/ALGO Liquidity Pool
MZYTV5BPC7QN7USJZMBASBQG2B5ES4IDXKIIBG2WYVTPNFM4TX5MBMQYTA,Tinyman,comand/ALGO Liquidity Pool
N2MJXDRJLXER7P2BYXC3DFF5LLOVIPX2GAB37BU7GKIUBONQFAXK36KPFI,Tinyman,ALGD/ALGO Liquidity Pool
N2WIZSPT7SC5JKKABAIRGU2UKGJ6FVA3G4PFCEF2EQPQPUPX4Y3CPNEDZ4,Tinyman,Choco/ALGO Liquidity Pool
N2X545TPR4RQP4NC5ZFPTRQ6QDOQEFGT53LKX3IQKEIIZFKGHEUNHC5PDI,Tinyman,DT/ALGO Liquidity Pool
N634HOL2TOO462XXBA7FULEVCIMU5WBEYURTF5SNPAXRVGKYE5XVFHBEFA,Tinyman,Barnacle/ALGO Liquidity Pool
N64C4XBNSVHGPLNZ6WUH43NMA2LY676R3LLELWRLIR52FAH3FBRAAZL6HM,Humble Swap,Xoge/ALGO Liquidity Pool
N6VLPLW44574EXECAF4HIWUXBMMU6M3TNJFOO3P46TQ3FFD2ANEQN3LUUE,Algofi,USDt/ALGO Liquidity Pool
N6YJLZRGIAMVPYKLDADUCBUQSUYWH5Q4VFW3VP5VDU2HHX5JWXCNQ3VZZY,Tinyman,ETH/ALGO Liquidity Pool
N7DAEYHFMCCV2H2PBI44A5UF6YXRNTXSG45QGSQCJ6DTIL3M7PQBTTRAOY,Pact,USDt/ALGO Liquidity Pool
NAGNDMUYV5W547XD463NM5YY3LUQZBMGJLFJHISWKFVIHTLRE2BPPTT33Q,Tinyman,OPUL/ALGO Liquidity Pool
NGIHJMECRSFHIEQDHBVTLR54K7DOZWM5M6UM3A5CIOYSP6H3QTGSHHGJCQ,Algofi,USDC/ALGO Liquidity Pool
NGJRVDJYKK2BZAWGYCVCPASTLI67PFWK3752QX5B6GV6M67TRAVGG4T2E4,Tinyman,KITSU/ALGO Liquidity Pool
NHE75FLO3MIINZGLLMV4UOQRW3N2QMLXD4Z2ZHUK3YC4PFQ3UIMZ5I2MZI,Tinyman,BORG/ALGO Liquidity Pool
NJWEFTGRROKCMZJTSPF3Q54CIAN7O23LQ2U5BN5QJXQPOS6THRYEK5P4J4,Tinyman,Barb/ALGO Liquidity Pool
NKND3OL6WNWLVQX2EOPD44SZLPPYQPDWRO36FDP4QDJNHEKTLV5YJP65WE,Pact,DEGEN/ALGO Liquidity Pool
NLB4HC4PVN4PUBZJGF2OC4J5LG5A5Q6UA5PGRMVYZIGGYTWRS3OU3DUJ7U,Tinyman,Amaya/ALGO Liquidity Pool
NLQTIJEHFQLT26B4UVNJQZS2D2NUHWGUMVVUNROXEQAJ3GRHJPC3JTWVTE,Humble Swap,GEMS/ALGO Liquidity Pool
NMVSBA6G3YJCU62ZW3ENOZJ4BHS6LJVVRAABSQNFUMEV5BVGPAHYJTIDCE,Tinyman,COQ/ALGO Liquidity Pool
NNCSWA4P66IZQU2SW3ATPYOS7H4LL6LALAMTKQIKIZSVDL7PBAY3TDGUDE,Tinyman,CURATOR/ALGO Liquidity Pool
NNXRE6N6OJDYKNEHLJ2LNYDTIYK5KO7TMK7DUIBPNJ72KGHOGBJQRYFYOE,Tinyman,NCOINA/ALGO Liquidity Pool
NT5RYDBMANGIAJOS6HZTCG3FTL5BVP2NRLY24USUBBXMLRTZ7P5ZRDVVUA,Tinyman,ROX/ALGO Liquidity Pool
NTFGVUWUL3KSXPXNW3KOPBVQBWOEJGVDIY2CGJZGRCXPUPAP2QW4W5JEYE,Algofi,XET/ALGO Liquidity Pool
NTMZWZ34OJSKWBWVE3LS53MGUERZXT54XOZZPDFZTYNF4TST6KEC4DXH3Q,Tinyman,BOOBS/ALGO Liquidity Pool
NTNIEKPXJOPIOA23J2XHZKX5JDF7NG7MWRFOLI7SXRWDBKGRIXHN5ADKRA,Tinyman,KARMA/ALGO Liquidity Pool
NTYRWUXC62IFQ5WDI7DBFXE4ORKFHVI5Z5XZNXYGYQFYL5GI7F3MYBZO6E,Tinyman,VEST/ALGO Liquidity Pool
NUFRGP5CPCSMVOS6YDQI4T2UUQNSFTJNKURATMJJWT4V2EXZUBQZG4SUU4,Tinyman,GARY/ALGO Liquidity Pool
NWEYMEN2N47OWBGHJTQ6TVFYVBSY6GYKRLYQMBQ6G65RLCRW4ECCMEAYBA,Tinyman,META/ALGO Liquidity Pool
NWKR4N6J4QUCEGJ5Z36AK4OS7EBRLUDCKD76CRGMGVPJS6X7OLPE7OZPJM,Tinyman,KIMBO/ALGO Liquidity Pool
NZ554X2SXJSVHS3PNMI7OX5KXQPGI6JIK63MDBSA6525V6ZRMMI7MRR6JQ,Tinyman,Asset/ALGO Liquidity Pool
O2M3UF4LMK2XLPHI2JEMM7WTXRVVONNZSI6OA2CQWYQP6HFLBMWH5V5TG4,Tinyman,DEGEN/ALGO Liquidity Pool
O5GCWWRNFMF7FV3BF72NTLTWZ3HI3EMMKDJHW7DDMSEALAAO5IETFWOWIM,Algofi,SVANSY/ALGO Liquidity Pool
O6CDEA7NCJASQSYSAMLPGLICTTPP3BGVOCPYFGCFT54O4SCXGN3ULAOYPU,Tinyman,ALCH/ALGO Liquidity Pool
O6FUKG3IOJXOJZOOMKIMXU72KPQD62PPEQOS6I3H3CKNQYPTE6PGNGCVKE,Tinyman,WBNB/ALGO Liquidity Pool
O7TEPUOUSOJWW5YYXOXRXQTF64LVAR6TWMC2DFMOHM7TC6QM5IC6EU7LRE,Humble Swap,PEPE/ALGO Liquidity Pool
O7UCOW7KPTPPIWEYGP24EQR4IBB3XMSPZCXXRUMPE3VV647YAWBNJBTUFM,Tinyman,ABCA/ALGO Liquidity Pool
OBXFPBXX2AKKYXXHDRF2OTR236R7V5BFVTGV5KFCMYKHU5RBFVZOBUUBOU,Tinyman,PULSE/ALGO Liquidity Pool
OCYLZ5SY6FTZMWOC4ND37ME4WCLJIG2BYYKI27E3LKTU6VIVPC35W5NLFE,Pact,AKTA/ALGO Liquidity Pool
OD3UBVYTVNSV2PSJ2ID6SFZHXNBAYGYAF2TI26ENTFOPEE2CPKHJ5AQZEM,Tinyman,GAC/ALGO Liquidity Pool
OD5COAVU5X3ZQ7RCXNYENHVBHUYD742QU7XLNEAIN4SQTPZ7WH6MOAT2HI,Tinyman,SHIS/ALGO Liquidity Pool
ODGCJNDWNYOVMEPE6DOSIIAVJVTJDXYHZC5AJ5NQCGKAG63P4RKG3ETUOE,Tinyman,RLB/ALGO Liquidity Pool
OE2CFQEDBU6BSNAWO6TTZ3KWTMVHPQEORTGTNYZOAK4OQ6RI43GJFEDUUE,Tinyman,BOMB/ALGO Liquidity Pool
OEIJ2UBQ6WQNZDOVMVLG6WJK2XRRIY7VTXKUX3YAJWZUA7LAADLKESXAV4,Pact,DEGEN/ALGO Liquidity Pool
OEMCZZXWXUYPLKOO2NDJTHITIRJCZM4ONPFVXI7OBS6AFINMZP5PKTHRWY,Pact,MADIBA/ALGO Liquidity Pool
OFSZYVJB72XZLZV5HLRX3YET4RZ6U2HDO2W6VHGFS35QYRGYNTSCEW727M,Tinyman,AlgoPets/ALGO Liquidity Pool
OGA7DZAA3ZI3I25NVX5JPPHPDT3BPYZ556XTICBKB34LVL24H2P3G7YKGM,Tinyman,WORMHOLE/ALGO Liquidity Pool
OGBHRVEHXEDV3JWAH5WPJIJGMXIOO2XSMIW6REPAGF3G3AX4WFLCDVAOZY,Tinyman,XET/ALGO Liquidity Pool
OJ4GUJ3B6P6CRRS3S2VZDETIAMCE544AVAXJQ5VRCXL44IJOXPHWYYMVIU,Pact,XET/ALGO Liquidity Pool
OJ7PTBMPFI4RIH4SRIW2KP3IX4YHVJGCFK5LUPGGNG6WAZNYB2RUGEUGNM,Tinyman,MOIST/ALGO Liquidity Pool
OJQKMFPHF5HBSIYRYQI2QWWZBYBU6GPGVBDK7ESFGVEBMHPYMJFGF4WNDM,Tinyman,ABSKT/ALGO Liquidity Pool
OKM37JKZBVUETEVQCJH663RU52VCHOFBPJLPYNTMY5HFUU66IWZ6AIYWO4,Tinyman,xUSD/ALGO Liquidity Pool
OKN6LN3PSSB7H7HXZJ4SQ6YVOYNE6NNXG6TV4TADMFQXYIFRZQXJI5ZATE,Tinyman,AFD/ALGO Liquidity Pool
OLEYQ37L6GW3BU5Q42L6TBPA33EPJC3PGNRLNJGOZTHADIWXHCAIJABOZ4,Algofi,HDL/ALGO Liquidity Pool
OLMTL44YZHRVMONJBFKE3SN7B3N3DGRRAFS5LIX6VIYAC5FCPQKHCP4QBM,Tinyman,Labrador/ALGO Liquidity Pool
OM6AXM37UVMNHGL6GRPIEJ2CDNGJ7CVL4G7W3K6EEJIM6IIVNV6BTBGAKQ,Tinyman,AO/ALGO Liquidity Pool
OMNTSBP67XUAG6GOKCYWV6VBVQL6ZASKFKRMNSO4MQXR5PWWSM742MAGJI,Tinyman,$Tokes/ALGO Liquidity Pool
ONUK4ZOKX2BFK23CS6SXWM6DYYCFLWBIYQ36FB3YOLTYLZZU7CNT3LHNAY,Tinyman,Block/ALGO Liquidity Pool
OO2AC6LIT5Z26HH7VARZM4N6IFQLGDJLR4IRJUACAEY5HU2N3HCUM2EEPQ,Tinyman,RSQ/ALGO Liquidity Pool
OOM72L3QGVLR2BUMLTQJH73UGBXWT3HJNK62RFRVXDURYM5INEEGUHFM7Y,Tinyman,Lions/ALGO Liquidity Pool
OPYSFMMR7CFB5FXWRH5JRKO435Q7GTLQMDMDI2XEQIT4GA4EZDC7EPATTI,Tinyman,AKPP/ALGO Liquidity Pool
OQJXSN7EJRARPHIEANFDJCBLZVVRPXM4SL7LNJZ6W2U7VCQG7F57UVD754,Tinyman,THETA/ALGO Liquidity Pool
OR3CJBPGKTKMHWZIQEYRXWI27CLLHW3I7WO3GPN4FJBYDYLASHQVDVQRHM,Tinyman,Leaf/ALGO Liquidity Pool
ORHZBVYDD4FRBHULHVYUBIEN5RJA45G5F36FCJNDOGU4Y5ILEJDSIJX3SY,Humble Swap,G$G/ALGO Liquidity Pool
OT5TWCS6MCOIYP4SL27MQSO7HF2M3AGVOOUPYKH4GTM3LOQFETTD2AXXPE,Pact,PRSMS/ALGO Liquidity Pool
OUCQI775QVAIZ72LWBQY3VRN4I3XLK3ZPXWUWSQ36RIUHXLA2YRDTZYMY4,Tinyman,TREES/ALGO Liquidity Pool
OUHKZ53T2IAZE5D6MMIGRAHKIJNPHMS77CJ3F67CU5TPF2HOB5SYRVM2TA,Tinyman,KGX/ALGO Liquidity Pool
OVGNPY3DFENTGMBCFZ2DEBZ3BORC6GYXBTPVD2L4D6CNR5Z4RB3BAN6DOQ,Tinyman,$Poof/ALGO Liquidity Pool
OVOHS7JZZVEQWGFOAAQY7ZEWUDBJRZWEA7KJNOBPTZQTSTYOKEVHTMOGD4,Tinyman,HUGE/ALGO Liquidity Pool
OW6YMJIYWO6DME6XB2TMYNOICLCTMJCKWDW4FUHNEJKNC2JR76V7NKUQGQ,Tinyman,ATS/ALGO Liquidity Pool
OXA46NDXYD4X7JUCPE73ENJMEYCTPXGIK63CE6GSL66IVVWWIYIO4RPRXQ,Tinyman,NFT/ALGO Liquidity Pool
OZKF4PNTFBD3UVS35CKNZSEKQWSPD52MSGNTFGKKESJWZXEFQLFCOR2RSY,Tinyman,TOSA/ALGO Liquidity Pool
OZRW6BA2NVUTXJC7ODVHK7XE3M47I7URT7ZTHCJVT2ZRVNFF4NUYOTFMYM,Tinyman,KFL/ALGO Liquidity Pool
P2PYVSGIGVQRZJ764UZQAZEZE2473Z3YKSM7RUNZGDOCKUPOHAHPGKCOYQ,Pact,ORA/ALGO Liquidity Pool
P37NL75WJIYIE2IN4KX2TGGK7MPB6FBCSAQGHYJHW4FQ33FSMWUBH5KUJA,Pact,KIMBO/ALGO Liquidity Pool
P3KWUA3OLULFIPUQZQFTPPYMBR3HQP2CTOU53BIJ3KSWV7Q5SU2AHM5MWM,Tinyman,GCAT/ALGO Liquidity Pool
P3N244SJMVDSTNIHYTCNR7Y4IGOYFJVCLS4PCBQE5PTUDLRKUF3PGW373A,Tinyman,RUGS/ALGO Liquidity Pool
P3QSJLLSPP2OEO2HVUTYYSSBHR56ZKXXJMZ6Z6QSYQUP3PZ5SKYVW65UQI,Tinyman,BUY/ALGO Liquidity Pool
P4AAMI76MRVTHKNNCXIOIU5ABL3TWMFTE2X4PBHGHAWZAFLU2SFISRJ5ZQ,Tinyman,COSG/ALGO Liquidity Pool
P4Q56HG6LXLIOWMRHUNML27RO64KEWILT7JUKH42KPSJ5JRTG5Z26FY3ZI,Pact,ACORN/ALGO Liquidity Pool
P5JPLAHAOWMJCAPKPBEIO4YQQFYAAHNYCHB3CWRDJEI6Q3HXHLFQZVF77U,Tinyman,CYüíÄ/ALGO Liquidity Pool
P6B7GEGOZ6NCQY4Y4C5DYIWHQ6KGH5QQDY65ZP4U3L62F3JY5PAEJ7YSIM,Tinyman,OMGA/ALGO Liquidity Pool
P6KMWIKJJNDZ4J3P2LGSGEXSFD353CGMVSB5G3VXLX26PCWRZL3SBJPQOM,Tinyman,NLYA/ALGO Liquidity Pool
P6ZE6ZTUZCMRUXHJ7ZFAXYDZSUYZRJHAEG3NYGHYZURLOMOEMRILCYJTVM,Tinyman,Block/ALGO Liquidity Pool
P7ND27DI52LKFZXUB2L7DFWFJWNCFNQMSTCNT2CNMXCKSWHDWZAG5RMKQQ,Tinyman,ALGF/ALGO Liquidity Pool
PARESMQOI4CJUVDKJSRHBDYCF3NPHFE6XKHNNEOFWSBCNEQNY5N7AYSFHY,Tinyman,GRASS/ALGO Liquidity Pool
PB2ZIBLR6SEWORUZSK4JHHP7MJV3WMSYIJLSJ6POQBDSJTWOEOJBFGQCUU,Pact,Vote/ALGO Liquidity Pool
PC3NRVO6TVXEENNOGWUYVQKKL4GJT473ZNZYYYL7BIAXVBNQ4PBMZXDW24,Algofi,ROYAL/ALGO Liquidity Pool
PCAJQOHO2T5HKTKOLKPCU4XQXO3DINB7T2HZ52HIAF7O7E4OLEVZ7UZBDE,Pact,SVANSY/ALGO Liquidity Pool
PDX4ROM7KD4OIGTIS2UTBWFVWRIGYCUKMS2R4LQ3SWGV6FNVM7ETWWLBUQ,Humble Swap,SVANSY/ALGO Liquidity Pool
PDYEL7EATL73MG3H5EVQG6HPYKNLYSP6KMM6BOHWXZQGAMMDX5O5EAPCBI,Tinyman,Planets/ALGO Liquidity Pool
PF3W4AFFFAKLX27NR6VELBI2I4ULOLG6RX5YG47RXF7GLEGDWCSOOR3JDU,Tinyman,OMNI/ALGO Liquidity Pool
PFILVNLKQHTY47ODLTO5QF4CTMV534U5LBZLT3YOHOJNHHOLHS2H725LKY,Tinyman,xALGO/ALGO Liquidity Pool
PHSDG7VL7DNOP3EYHR2NHV2M2XQWFOUKZP723RNF24R4WVMZ3HHYAUF2OM,Tinyman,BLUNT/ALGO Liquidity Pool
PJ6SK3G7GZBGLZHWZHCZZ2EO34VVEPFRPKO63KXBLD2JJAWXPYR5AVHSVM,Tinyman,DAG/ALGO Liquidity Pool
PKLMMMS4FG7DX3SJWUW6VUVQL6DQ6LQ4C3W74GZUI3UVF53N75UBZSTHTI,Humble Swap,SHS/ALGO Liquidity Pool
PMIVJ3HWDKRZVLYL6FLJXT3NMT67FMYH6D4E3ZCXHRYYS2NKVXWID4CMVQ,Pact,COSG/ALGO Liquidity Pool
PMSLU3PDSQ4RTD7PB3MYXWNQL6INRLBYMNX7JTUWT2QXFKAI66DQQDRNVQ,Tinyman,DPANDA/ALGO Liquidity Pool
PNJP3RHDSCSZ7KNQ6LG3G2PFR6KQM6V6DTTZHDD3ZQXMIAI47UPR4VYQD4,Pact,Vote/ALGO Liquidity Pool
PPIVIK6IYH3UQWRVJNWPAHTQDC6UZ5XNC5STHAON4VR3YUJA4FKSFYDA2E,Tinyman,ALST/ALGO Liquidity Pool
PPMN7AI4SWGZEDNUJBWYQ6JF73URYR6YFUW5UQRWZ7E725IRFLKK64DVZA,Pact,BANK/ALGO Liquidity Pool
PRAFO5F2MFML4OXBB744DEXHY54OJCCGDQ7GUAVBE2AFDIVRBA4SIVFG5M,Tinyman,DEGEN/ALGO Liquidity Pool
PSNBZ57QBQB6FOU7HDORNTNOLTT6I5S7MUMLKXGL7BDSN3SLL7LXOYQETQ,Tinyman,SUPER/ALGO Liquidity Pool
PSSASIC2V62O57QKDRJIEOOH63LVEZFODWVG6574UWKPVEXAPBHKRZ62EM,Tinyman,AWIF/ALGO Liquidity Pool
PSUNHIFGNTRA5MU3K4RYHYUXYQTQ26GMR6BKBDAS27APYAAL5ORP6QGS5Q,Tinyman,Shots/ALGO Liquidity Pool
PVJRBIBPKPUEB6LEQOOKD5CJHQLY4FWBA6CMAKY3RVSOYD3YLPWISQC4JA,Tinyman,AFC/ALGO Liquidity Pool
PX2Y43SYLDPRWVZ5CZS55UMBYMDELWZU2PMN24F4W2YDTMRWAFI2VGAEKA,Tinyman,WAG/ALGO Liquidity Pool
PXJ7JMO6XLX7T7AK3RJO2UM73VVAZRTRP2AV5SWEPJMC4MKNQZM2UZDRPM,Tinyman,LHR/ALGO Liquidity Pool
PYTBOQBTN3XMSGYKRYMAX3ZYYMDGPGOQ33ITWZ73HMZUZTEFV7YZ3RXZSQ,Tinyman,REVO/ALGO Liquidity Pool
PZTBMSMBWROAI4DJU6ER6GE2OXA3GZVG2FKWXXWWXAU3IG3EBVUVPYCDAE,Tinyman,NT/ALGO Liquidity Pool
Q4ZXTRVIYASOK75JISSFPMYV3AKKDJV6QAC37JPSDNXX363JYIEUBNHSP4,Tinyman,TRUMP/ALGO Liquidity Pool
Q5DO5DF3O4K5BED6Y5WBS4F6POVQFMB2HFKZUEKBK66CHPJEZ7YFHL7FX4,Tinyman,VETS/ALGO Liquidity Pool
Q6OK7T3DSKXGEKQ3P6AGHZU6WJBWNSQFRDSSHWTEJDLP4WJQPX4W4OVE24,Pact,VYBE/ALGO Liquidity Pool
Q75LOFBF26NII5W55GEYPX4GMEWYV3Z4PX7OJ2BTFV3GH3IPNJZCOE5ZA4,Tinyman,APAk/ALGO Liquidity Pool
QADOC3JVJAR6EIZWTCGUM32NTTCGQTTSM43PT6GS6B2TTUX6E4EBTUIV2U,Tinyman,wALGO/ALGO Liquidity Pool
QBTUHJIDERVSXHBLIWENOG4RXU3EBEATYA4UWLGCWWENHQWKAJNREBW45M,Humble Swap,TLP/ALGO Liquidity Pool
QDNLKZLNM6ZUD4ZI24RSY6O4QHWF3RHDQIYDV7S5AAHKFZSV2MSSULCE4U,Tinyman,SILVER$/ALGO Liquidity Pool
QDXDDSO7VZAWWRRCVBJ2JKSOOZPA7Q4BCMHKWTO7LPLWOD7OZC62HGG42M,Tinyman,JSLH/ALGO Liquidity Pool
QEEYEWRPJOUUYRUXUWT26QRWZ6QJBRJHFWDKJW6QZCLRPBNZ2UIVUG65LQ,Humble Swap,goETH/ALGO Liquidity Pool
QEW7KAJXZZOWCD462LF2WUB6ECLSNVUII62BBTAN5DTR7UM3COWCNN7XG4,Tinyman,LIX/ALGO Liquidity Pool
QH3VS7WTWWFWSQC4GBQK4MLKF2YUSTAUXKCEW7ANE5TZGJM6NZQ3KSBO3M,Tinyman,XROBO/ALGO Liquidity Pool
QI54GKFQTGHPQ7KVMKRI4RK2AW5TII3VR6IN7KD7NGLTGHE4XCYA6S6HII,Tinyman,KISHU/ALGO Liquidity Pool
QJASB4XO6KTVDCU5BD24XY32ZYQHV6UUA3Z6LTU6GQ5IVTBJ6U4MVULEQY,Tinyman,STBL/ALGO Liquidity Pool
QMDBN5Y6Z7PWHYZKKHPQKTIUJXIOQMIHQGZR3QLDYEJS2Z7WT2SWHIB46U,Tinyman,THICC/ALGO Liquidity Pool
QMMEYCJ7N5ZATIBDLSHBQOEPRTEKYGHRQENPC3BSAJVJ7OY6V7ICGLJ7AY,Tinyman,AKITO/ALGO Liquidity Pool
QO6TTWSPOXNWZ654QBEYBRRK3T5QDFR7FMU27G5CDQHMI2UEKZSMN5SB7Q,Tinyman,MYW/ALGO Liquidity Pool
QOFGDVV6JDVZT7YFFML3UEFFSXNXPAP2EOB5P73GHNXLC7JJJZIGJRHFSY,Tinyman,FJB/ALGO Liquidity Pool
QOMJZNWZUTOFVHTRJKMAKZWUSRDEMOHKNKAYEG2JBJLULL3SJU64MSPYKQ,Tinyman,WOOK/ALGO Liquidity Pool
QQB7ZVPWEOMR7LSCCNQAI4WSAHMMEB5EA4VMRPAJVRC7GVD5CKG7PMXDPM,Algofi,KBX/ALGO Liquidity Pool
QSPGHQIESUSUCSH2YNMIZPMALJPKGJFYSTLS2NS2MFYSVENFSXPXLL3CBI,Pact,FAME/ALGO Liquidity Pool
QT2GLKM6FSVHQMRQ53POMDBMCHH452FERI6WGNAT2J34KVRZPV6GA5DGOI,Tinyman,PEPE/ALGO Liquidity Pool
QTDNT73VTRZZHZZJHVMTEJBFWFGS3LBXI7VL5X2EBZUIPJHKBYEZ7IFMOY,Tinyman,BOARD/ALGO Liquidity Pool
QTMMJGPKAZXOH47UYXEJA6KS4K5KJQV6Y6D2YKDYJUMIMIFK2TQCEYD3YE,Tinyman,CCC/ALGO Liquidity Pool
QTX37E4HC5JADIQ22BML7DLSSCISUO2CRBT6FW5AQBVIWVNYFW3ABP7NUA,Humble Swap,OPUL/ALGO Liquidity Pool
QV2J5ACJPBOCHG4MGANV2MMHXZX3VCUOUBYRUVUZCTFAAL5ZL6QLORD3DQ,Tinyman,Choice/ALGO Liquidity Pool
QV6NBDCMAGPWKRBL3VC5S4HKLZ34UVX3LJWTUP5RB5I5V7CCUCJWFQN57Y,Tinyman,BANANA/ALGO Liquidity Pool
QWISKOQ2XV4EWCU5TOKAMQ5R5QBV4V57DIAUUUDTWBMD3AMSSGAQDNBUOI,Tinyman,11mike10/ALGO Liquidity Pool
QWSMF3ZO4SPTTYCNY6H4WZAKUZEYS2Z7YEASDFOFXEIQQQILVVBK4ZS3QU,Tinyman,ACORN/ALGO Liquidity Pool
QX3GTFKPFV4RVH5MAMRMLJ36CPLVNG6FVPIAI6FJNJMMCB7TZIRGVM45CY,Tinyman,REV/ALGO Liquidity Pool
QXY6SB6HMKAEDDGK5T6TVS4M4FBKE3E4J6MLUF4HR5HJ2RVPQZ55M3WUOQ,Pact,RUGNINJA/ALGO Liquidity Pool
QYCCFZ2T2COBXLQJYZJ6PQ5JJ25YDXM5WCGA5JHN3UTD3PEUSLRUGTIIHQ,Tinyman,TY/ALGO Liquidity Pool
QYHRHGBL3LMZL52XOHDH6U625ARWJ4UFDNZBON6Y676G7SSPUD4X4SOMHI,Tinyman,FINU/ALGO Liquidity Pool
QZUNZO5THP7LO2HM5V7GJD5P4ZCIB5ATTUJRSZMJ4XDIAUORT2SEUMXIOQ,Tinyman,UT/ALGO Liquidity Pool
R3EXQNTTQOKOXCS2GDWTPKK3YOJXIPZM4FIP5N64LNA7YH5KE6DUXVDZ2I,Tinyman,BLOCK/ALGO Liquidity Pool
R3K6OZFEMUT4USCIOWOEXETNUKSQ5R2DGWOO752PXLT5YJM7PHJVFV3DVM,Tinyman,PYGO/ALGO Liquidity Pool
R4GKVZ2FU223PBZYBWON4OWXTQJS2WDUKGDZRQ6EKIM6R7UG5DKQEL2C2E,Tinyman,GROW/ALGO Liquidity Pool
R4JZXNLXUM7ZL3PLT2CK2E6ZAYWSOOPOSDKTF7GUOXJWSTNEC35BIRV3JE,Tinyman,DBD/ALGO Liquidity Pool
R4TVL4JXMZDGQ6QUK4PP44F5SWW3PCDV3XZVLZ3MYT74STTL2XWOXVODCQ,Pact,WBTC/ALGO Liquidity Pool
R5NUDPA3XYYZDQQT42M2CNTXDP7YHMORHM7SJI4OUY64LNLRDQ5ZJJZW34,Tinyman,BB/ALGO Liquidity Pool
R652C5ABMSXLMO3TCLEP7DZP7KIPQCRTOM7GCSVTDT6JS3FO5YRYFGGLZM,Tinyman,PEPEs/ALGO Liquidity Pool
R6G4TDUBDY34I3RNA52KX2KYJU3UFH7OSFCAC7XGBBZBTZIHOFWJKRY6I4,Tinyman,BOARD/ALGO Liquidity Pool
R6YGGPUS62GRRBKVRCJPZOEYIAGMIIDXKT3K33A25DG7JIH2THFO25GSTI,Tinyman,PDAT/ALGO Liquidity Pool
RAJ5U2IV5LBXDO5CSOEFC7H5YV6JLLE7Q6A6VSP7Q2AN5BJ5IFFDZ3OTG4,Tinyman,BLAPU/ALGO Liquidity Pool
RAMRCQUQBSWOKOLV6OGBK6LTURVFMY2Z4U47FFO2NIPEOUI53UMRYW2TZY,Tinyman,DHARM/ALGO Liquidity Pool
RASMRI2TS7OQWKBDSGV6ERIQOQDQUAZ45R4TZ4BJOHRNNXXH6LWWEXJ2SQ,Tinyman,Finite/ALGO Liquidity Pool
RBJFPMVPFHOUBGYRREZV5VA6E5USTDR6RDCKOBIQXNCQVK56RBKZLGQDDM,Tinyman,SVANSY/ALGO Liquidity Pool
RCD52S3W2EIRH3SKNUXTQHGL2DEWNBQCPNXWJPVRQN5HLKBQYNJKVTLZNE,Algofi,ZONE/ALGO Liquidity Pool
RD2EOPP7EQID2WLCDT4HXNVYDQLGBMV2R2BQVP6EOTID4KEWWAOSFSTCE4,Tinyman,BASED/ALGO Liquidity Pool
REBTYAFVLTFXVJA7UAINTY43SEX522TNZH6LX7GLUUNEZMLCM4AEA4UGYM,Humble Swap,ROYAL/ALGO Liquidity Pool
REYF4RNIT7SECVVQLVTMM4AB5LWLT7XR6CUR7KO4PZTZKK7TJPMEEJXJXE,Tinyman,ARCC/ALGO Liquidity Pool
RF7BHYGODYLT3B3374D4DUA7KDXAKIBXGVCOK5UOSGXMXLBDTHKQKGUHRU,Tinyman,OTSDHBVA/ALGO Liquidity Pool
RHTN5BHOZSZTXPNUCJKRSWHSHS5WV4PQOBZE7PUCA5GNWMWRZL67JS77R4,Tinyman,ALGONAUT/ALGO Liquidity Pool
RI7ECDF2VQRYEX3EGXVWVTQU5CH72Y5QRXFQ2YHP54P662TMMUMPRTJZ54,NIKO,Airdrop wallet
RIFAJGOQ6T4JLXRVOENKUVVNMACZD7ZVXZXXLWUQME35RJGGLQ2EX6W7AA,Tinyman,LEASH/ALGO Liquidity Pool
RIGDKWA7VJNZ4OAKNV53UJ4RDKA2DOFVFZ2U4VDP64IR4CKSNOP45EVAX4,Tinyman,Skynet/ALGO Liquidity Pool
RISQU3OMMOK4VR2MMUAJ6YNSG2NWH77UXGA7HJCV23XDSLLNYQUGXAQUTY,Humble Swap,EXP/ALGO Liquidity Pool
RKY2GRJRJUEA4I2OOC2PN36UKBR3KP35JVLFRQRLQKTQAVPRXOUGVFTH6Y,Tinyman,aSHIB/ALGO Liquidity Pool
RMI7YQ3L3VOV4JF6ALKMPUSN2I5QJDECMLAZDMPVXH2A2TIIOB62LHLWY4,Tinyman,BPM/ALGO Liquidity Pool
RMWELWAPAXTJEX5BU5XABPOPOCQ7FUM5YXHWA2WJNQKYMRO7EUQN2YT2W4,Humble Swap,A$A/ALGO Liquidity Pool
RNA7CR5YFMXRUH7CDTREPRL53567F7ARS3Z7TTOYCP4DPPYVQUSNLMEOJ4,Tinyman,BAGNERS/ALGO Liquidity Pool
RNXIDZLAOZTO2WYB3IQPQ363KT3DN7MQSBSZIMXQ4CQ7WP623OA7HFYLEU,Tinyman,BT/ALGO Liquidity Pool
ROMF37KBJXOUQLJB7DYNDDMYE3L6VSWV4GHOSOMQOORH2WRIJ55DUKE25U,Humble Swap,xSOL/ALGO Liquidity Pool
RPIQSLZRESXXEE3AGXUXD7PDZFR5BPH2Q7SDY4DRVJ7UIIHJE4ZFEBRZJY,Tinyman,TOSA/ALGO Liquidity Pool
RPJ72TEIGW23AUXACCVUET4W2ZUVHTU52ZMUKJHGIFXF5EOJPNIHX2RWGA,Pact,GoldDAO/ALGO Liquidity Pool
RPRIEQC3PGQPX4AWFSD6EJNTWOEALUPIIVHFYDIUNEA4OAIH5VLY6MIJYU,Tinyman,SIGN/ALGO Liquidity Pool
RR7ZMEPRJC3M2JC7YWSLRGLEYYGPEYDMPWRKI52QT22UCY3B6G6UAPH47E,Humble Swap,SMILE/ALGO Liquidity Pool
RTETFGVLTPT5HNQTEUBX3ZCRX52PRHS7EFGXIGP5V6TMKXBTBHTLCTVOFY,Tinyman,GARD/ALGO Liquidity Pool
RUNXJGVWHCMW2Y2QDHF6DSOAHWZZIBKOGKHYIV3WKQRRYRVJSGZZRP2Q6Y,Pact,ABCA/ALGO Liquidity Pool
RXKTVAKB5JPPTHILZ3X3QHN65SHMT4WLUVMNIIZIW3UOMTZYMTAVFVHDQY,Tinyman,Oz./ALGO Liquidity Pool
RYCYWX65ZT4DTPBXSDKO5UMYPLK2M2HCHT24ONRKKEZ4FOLO54J35LKEPE,Tinyman,tTacos/ALGO Liquidity Pool
RYGAYDBUXXWHKMMF3SKK2JME22EF4PD47QBMQY3NLYMIXT3ZNZEIIW3VU4,Tinyman,BULO/ALGO Liquidity Pool
RZ3KAKFFMXOER2QO2P2P3G42K2ALAO7LOSPJGC63JEIZ7PYJOJMIWCCUSI,Pact,SMILE/ALGO Liquidity Pool
RZTE6EID5XFQR27ELPRORYJTJPQWKEAYQCSLBJIEND5WIBSM54TASLANKM,Tinyman,UNI/ALGO Liquidity Pool
S2O4FXY3O77SQ574IVJ3HIH7JDB2IWYHQB4E4273TAN3VBOJRWWUKCVN5U,Pact,KND/ALGO Liquidity Pool
S3HD2WETWI6FQ5ORTMWPA3BMUAERM7EQW4KISFOZPXFJCY3LZ66HENSJLM,Pact,ALGX/ALGO Liquidity Pool
S5GA3VGVIWWE7TE7CXKPT5LBCVLJPWDJIR4UXSP3JP55IXIVJXERQFB2GU,Tinyman,Hidalgos/ALGO Liquidity Pool
S7ZKTPJPE5GJTC6IRIPEEEG6MZGQ2WBKJYGMJ42XUDQ6WV4FOE7VZORRMI,Tinyman,AU/ALGO Liquidity Pool
SCDAILIXWEUOWVRHEFWTWA6TAPNEZMX4XH67VILT4O5VEQRMONMU2KBJYM,Tinyman,tSG/ALGO Liquidity Pool
SDBN2M5MC4KDU3JZFHGGP4TOSBU66AMIQ37UO3ZS43NK6IU3ZXONT6VMPQ,Tinyman,BUY/ALGO Liquidity Pool
SDFSODDMT4AJG4EBLRTQFO6UUEKJV7R6QU77PTQJ2JC2YM6D3ORQPVBFN4,Tinyman,GORA/ALGO Liquidity Pool
SEAMF2RLLHG3GMKTQBRXPSTCNAFKZJKF2BP7D5ZGW7VCDV23AJA4WYZO4A,Pact,SVANSY/ALGO Liquidity Pool
SESOKM7PJZQLQB5LFMFEV6ETTSG2PGFZZM2NEDBMWXWGBX5PSGBY2U3L6E,Tinyman,SWAP/ALGO Liquidity Pool
SG7SI43GGISY6LGOPRQ7KRWHOLOENC5BDODIGYIIASIXIJB32DZ4YZKSOU,Tinyman,Magic/ALGO Liquidity Pool
SGAEJMU2SZURAAMVRU7VF3EHJTO7WEC24QLMYWVTG65EKWSYZFAA7DVDQM,Tinyman,GHOST/ALGO Liquidity Pool
SH2VCLOWAWKJQA4B4NHFZMW5JRWU43FJKDTBHD4KECYOXVJJSHMT6TELQA,Pact,Choice/ALGO Liquidity Pool
SHGW62KVJ2DYHRZOH4MYMXSK6HNNT7QYON4M4KSDJR4KZXJOPNBHZKTMII,Tinyman,FLAMINGO/ALGO Liquidity Pool
SKFWGGQAFA2DPZXCPUNBWZZGI42ZWCJ35XYTN6XFFZATHY355NBRVP5BEU,Tinyman,BRD/ALGO Liquidity Pool
SL2LHVTG7WUL7AXGPGO4JAT6O5RFVG2NWLWSLM2M5FZPZPDD3SELOALCOM,Pact,$Td/ALGO Liquidity Pool
SLODV2SBM24N5YC6OHBJG5OSG4F7GP4ZY5PU5MREZBFKZTVZ2ZTEGANDDM,Tinyman,Amaya/ALGO Liquidity Pool
SOVXFLES3KT7FFM2ANBP2HEL7E72ILQ2AS23EW7PJ7GISZ5BXI3WCFOIJQ,Tinyman,SUS/ALGO Liquidity Pool
SPAY4OW7RZVL3JDWRV6YTA76OBGYM2PFBIQYKKGN4WYEBD2LLNPQIIJOUU,Tinyman,XBULL/ALGO Liquidity Pool
SSYQKVPBAP53DMQ7KR5776EV2SARKGI27LHNHA7MYCSEPAQU4RUYMZCJMQ,Tinyman,DUB/ALGO Liquidity Pool
SUZZAVPQ2F3RGAI6GM5GXAGVPZ7XNI2SAURXPSQV6XXP42OPIMGMW4G7RU,Tinyman,HDL/ALGO Liquidity Pool
SVDBYXMCH7TFFWJAUESVQFRU4JOFEDJV2XLEGG7NAZRMFWC4ET6QYH2GJ4,Tinyman,LVY/ALGO Liquidity Pool
SVZ64JMHAXUG7FZAIHOZONEUY6C44BOLFVN4OTJFJN3UO5UX2G3E4RAIYI,Tinyman,AKITA/ALGO Liquidity Pool
SVZS7Q7QMVHZONDHZJHR4564VTMEX3OQ5DSYBWKR5FJFTPZLVG3EZIWC34,Humble Swap,USDC/ALGO Liquidity Pool
T224R6B3BN36VJXX2GKRDFUDS7KMXPYUISDRM3QFQQZ62KSFVPYY5GCQ3I,Tinyman,Neko/ALGO Liquidity Pool
T6KYUCLVNDYDMEWOGYBDIY26CLSQBZKMJXKAIMTJJ5RXERWRA4HSAIVYOU,Tinyman,DONUT/ALGO Liquidity Pool
T7AHM4GIUJ5V667OMEEMU3ZTOHBV56BXNN5FHW3L3G7YQXBLZ6MCDZLHYQ,Tinyman,rUSD/ALGO Liquidity Pool
TBMPRUKFQNBKJFNG3LOSYBGNDACWELKF5RSGQXUEBHFQD7WOPCKPYRBFBY,Pact,SOL/ALGO Liquidity Pool
TC2D7AX5XZX7IIOCJAMJ77NXY7Y6USV2CMB6AUN6NSANICIGJRHTC25LGA,Tinyman,DP69/ALGO Liquidity Pool
TCBL4IMCVZRYCKO4XHTC6V26QHUDY6MQLXPG22L3SDK2ODREN3NZYGOSUU,Tinyman,algodots/ALGO Liquidity Pool
TCSDYTXVULR2ELTZVGLEVA74URQQQ5G6T7675II5I6UO522HSSPSOAEL7I,Tinyman,AGN/ALGO Liquidity Pool
TETUCZSY7NLEYCJJ26BSYEZGY76QK5STKTXEE4MOVALENMNALDLJNLFGGE,Tinyman,OCTO/ALGO Liquidity Pool
TFM6SWTEQHX5KLUJCRSAUBU4WY2OTS3OY27ABUZ5AXRO2WSU2JRP6PU6WY,Pact,DEFLY/ALGO Liquidity Pool
TFWUM2NPTFSHZ3RSYQCNF6RMQPZFXKBH7H7KGXES3ETI33N2CS3CKFFGH4,Tinyman,NEXBC/ALGO Liquidity Pool
THHOB7UJI7ITEWGBMWSKX5XWCQ4V2T5UEFC6Y27HSYUBIJW6AP37FDLYR4,Humble Swap,ABCA/ALGO Liquidity Pool
TJXOF66IYBQILYKC4BH6TIYBF7INERTJNYZKYJBO5OAMOGBAOTU5IMZ5TQ,Tinyman,Cow/ALGO Liquidity Pool
TL7FKUYEAABU3CTPJWBEOX3AFJMTTCEBA5Q27PT6IZLPHMO5BTIEOBKXSE,Tinyman,Nekos/ALGO Liquidity Pool
TMYPKIFUEODSZ76M4IQ2Z42B5AK6KHPIUF2R7DKZWSPWIQJNKQEEV4ANB4,Tinyman,SAMO/ALGO Liquidity Pool
TND5Z5F56O73P7ZZLDXXENFJLWELS55ZV26PIFRHTWX2DU6IBO2TFT7SAI,Pact,OPUL/ALGO Liquidity Pool
TNLNRBONI7YKD7PWNTB2J4NVEESPIGYYOM5TI6Y3W7LJXENCKAGWU3GJMI,Tinyman,AST/ALGO Liquidity Pool
TNRKHHULSZSZITPSIQXZG52RXHJNEDOW3ODWHXU7ZSNZUVYZBHIRIFJ4JM,Tinyman,MADIBA/ALGO Liquidity Pool
TQ5WYACITJVKD7IXXDNS7A5SNY7I7JQJXNC4ZKBVV2BUDLIX3BJHAHKXWY,Tinyman,AIINU/ALGO Liquidity Pool
TQOCZJEO42BQJDWPX3AMMCIJCXMG2OFRUMVTP6PTDPX66PFNRRF5AHLSBA,Tinyman,QUACK/ALGO Liquidity Pool
TRCEY5UZGTATGTF5K3U42IMDT467D4EHV7S5MYJBMLMYARYJOZFATORMUM,Tinyman,ORA/ALGO Liquidity Pool
TSE3JQDLU7VZXCXRAMF5KPGJEYV3UGXCZXFB5J57WUOXAI7XGCFYJLS6EM,Tinyman,Ji/ALGO Liquidity Pool
TTLNPCGSAMCASHWVJ5H3NTOATWAGMUTRWGY22TNHDRMQHVDSZY2XJ6RYV4,Tinyman,Vote/ALGO Liquidity Pool
TU2AKIQDT3TFXZFVQYYYDYYIEEXMQYNOHRRKFONCOAGYP7MYG62DUEKQRM,Tinyman,FLOKI/ALGO Liquidity Pool
TV2EWMNKIYEWSO5PUZOOFM7BJGQKEG2GBKYWSO7EYBIDOZDU4PRNVVSU4M,Tinyman,TINY/ALGO Liquidity Pool
TVFMM3ZTK3QJM2BT5AZ4O3VIU4XMODAGWJ2AMAJ64OI55NO5DLHXS4ADTY,Tinyman,chip/ALGO Liquidity Pool
TYRPFY7HW5J57HH4WUHAY5P32GCBNZKD33BBTTN5KRSZHIG3U4R4E4SDWE,Tinyman,AKITA/ALGO Liquidity Pool
U2A7WYNOM53PZCX6GYWFEN6YDHQBZONEMJIAH2CXECQ65VHVXWXWU44VGE,Pact,X-NFT/ALGO Liquidity Pool
U2KOAOSAFQQBEVGPRYK5CBXTBWIEOVWTAZKCWXSHD4YUQFHOBPOIPDGAMA,Tinyman,URI/ALGO Liquidity Pool
U3BVQAGBMBFISCPXRNGQLMUQSWQXOTPYPLR5F27ABGH6ERLACP5AJHLSAU,Algofi,Planets/ALGO Liquidity Pool
U3IFCAYEWHKZGTNKGZ4DY7ORK2H4DQFHRGRQIXUDYJ4352HPHLIXPVCWMI,Tinyman,pBTC/ALGO Liquidity Pool
U6JLLXQPRFHN6FN5SO7N2QQRRYGRMOK3UH5RP4EUNUCUPM35MD2NVSGF6A,Tinyman,AST/ALGO Liquidity Pool
U6KW4NZ535L2CMFEKBGO2ZFQUGTIPZDQHRMK52ZDZ23ERCJ7FIVQGYSVEU,Tinyman,WCT/ALGO Liquidity Pool
UA5STOUUVGT3ARYUCBQKXBE6L3XONZL3MOP7AC3VXP5AQA6NI5OUBRJ6UU,Pact,mALGO/ALGO Liquidity Pool
UAES5532VYUAESUNPZFOU53NBUGTNBPPWQV2F3DWJMZKBNOD7UXIX72GWY,Tinyman,Tamales /ALGO Liquidity Pool
UCCGIO4W4XYIYCLKS35YS5T5LB5I5XSN7KMFGYKLXS57EQPSOHNZF2HLNI,Tinyman,A S P/ALGO Liquidity Pool
UCOXODDCR4344SDO5BTQ72VBJF23NHX7MGEEBFCIIONIFEMT77XH3XTIW4,Algofi,OPUL/ALGO Liquidity Pool
UCSN45O37FUOUGPDOQKPSK6JNZVRBGXRUGDJHIBYSTDWG5MI2XINDZ62JA,Pact,WORMHOLE/ALGO Liquidity Pool
UDSW6H52NFMQUCPR2YBUWIJSNIIAOQ6NPXGV3LQAH62EXTKBNLGOIQQS6E,Algofi,goMINT/ALGO Liquidity Pool
UEX6SWASL4GAJ2USQ7CUJFSAEQO7I2EOB2KBK4UI7QIUHXZNYLV7OZFXLA,Tinyman,Ford/ALGO Liquidity Pool
UFAKTUK6ITYA6UELPE7LWYEGZQ5JX66DMSAYZGKCI4VDAG2ERJ4TT6D4ZU,Tinyman,Xoge/ALGO Liquidity Pool
UFAZPYFWC3VV4FHBP67LL46QZLRMKUHQEW4A6CHOQM7HR2WVLPXYQBOO7U,Tinyman,AHT/ALGO Liquidity Pool
UFSDSEJIMDSZY6AN2ZWJDJS2YSYVAXDSO5FLJAPCTS2NGRGTAEJDGR34QY,Tinyman,MOIST/ALGO Liquidity Pool
UFSR7Y6QPDDKKRHJ2BGE6M4HHWJUXRYZVQ226USS2H6SL7HB7DFYNZVEQY,Tinyman,SheinC/ALGO Liquidity Pool
UGF55QR3K6RMEKFKA7TCXZXXWN6V5ZDP5VYYSN24ZQQNJ4SKRS4USWYVAI,Tinyman,OCTO/ALGO Liquidity Pool
UHJRP56EK2YVZQBZKDIHIBLHELGUCIKYNWOOW43LLS4SAUA5A7KLYNM3X4,Humble Swap,DHARM/ALGO Liquidity Pool
ULZ65XPU2KQZF3MPDEMWAWKCC45ZRDT3KWCL7CP35TZP42EIZNWILFYCXU,Tinyman,Frys/ALGO Liquidity Pool
UM25CXMG3EWX4BZ6CKWBTE56BJZF7J5CYKUSC3MMKWWTY7HTUFSAVRFDDQ,Pact,Leaf/ALGO Liquidity Pool
UMMZA5NNQ3RIRI2JK6ZXQ2DKJGX43HRDNX7HETRFZKRENJCAGNV6S2OHFA,Tinyman,RPDT/ALGO Liquidity Pool
UNRPUSDPYHBKNSVWNHVE3V3NP7YEBQQN6BIR2VNWKGBKOJETVBJGSWZ54I,Tinyman,DPANDA/ALGO Liquidity Pool
UO3TGQSPKCZE5DO4BGCJPDRYIBQ7AASHWYXC3AFEEZYNEEQKXTBNB4P4ZQ,Tinyman,MARE/ALGO Liquidity Pool
UO47CTCILYLSKVMDCBGDVV75V74QQQ45YDSGAHEOOBS4NQ7JTZIHMWZYWQ,Algofi,BANK/ALGO Liquidity Pool
UPC7SXGK26HAPLROIEPYE36445QRHEXLNG34JZMETCZDG7KOGADQBGWTWU,Humble Swap,NURD/ALGO Liquidity Pool
UQCYAIMSFSYZU342B5OPEM3BIQMR3AISZZJ7GRX7PHXRBLKDUUBNQTOC2E,Pact,META/ALGO Liquidity Pool
URJ35JFRLOKFQ3DNRLA4VFRZQVZ7E3I4GEOHRX4B57YIPO6LDTQQUAED5M,Tinyman,Apig/ALGO Liquidity Pool
USQR7IKW4JEPGNMYQNZNGUWCXLSMGU6CNNLZ254WXK7KM7BMEI66LBPBBE,Pact,Hsed/ALGO Liquidity Pool
USU7Z5MBMYGZURT2AUOQ77IU65JX365BSTTSEFWDTDZPWR4JZXBJAHNFLQ,Humble Swap,DUB/ALGO Liquidity Pool
UT6SNORRUL5GY2RA45LQBWQ475HTSE6ZLESEN2S7NRJWVBPGPXST7ZFHKE,Tinyman,AWT/ALGO Liquidity Pool
UV5XSAOHN5JXNM25PN5J4NWMTMIH5QZGQISPUOWXPJ4CFEQIMSYTKCUL6A,Tinyman,goMINT/ALGO Liquidity Pool
UVDJQSCLMWZBU3IDFDHGBHOJWSJ3C3YEE57HMF3HIPG62GVHPGDQT5FF4I,Tinyman,AWT/ALGO Liquidity Pool
UVOPTOT3MEWXSRJM566JUCSCEP2PJASIHFWZECEP7L7ATJ2BIOCEOVKUTU,Algofi,Finite/ALGO Liquidity Pool
UVPLCKAB65RRROJXELZDOS6XGPYQX3CLGY34S72332GGA4N6ZA2NSW6VDE,Tinyman,BLOOM/ALGO Liquidity Pool
UWDHDLHCAPOZN7AXNXCFH36J7PHILDD62ZVDA5DGAL7QGOOCX3WYDUDR6U,Tinyman,Wakanda/ALGO Liquidity Pool
UX5VGVGKK6Y6HWM4KJ4BKCFSSK6IPBT45YTRYST7SZBA5VTVXAKJNIBMIM,Tinyman,CARD/ALGO Liquidity Pool
UXCJORFWJBXMK46HDXRKRIA5546AWFIW4KSQ6TLCUGIK2M5RQWGS2TMDUQ,Humble Swap,USDt/ALGO Liquidity Pool
UXITYSZQZSAPAMXQPKSEPDMEIYEIBZI6A7WSHSL4VTFBS5A4A7K5DCQCFA,Tinyman,TRTS/ALGO Liquidity Pool
UXOJX6NJDGLJ3KALT3JYGGGXFPXJIKMWJZTXSLB2KAVY5O7WJHPA2B3HJE,Tinyman,ASASTATS/ALGO Liquidity Pool
UY25B63HI2DJSHDQCBXZ5XO6PM46H3W7EXKQ2Q2GHFGRAZHPUIOSGKXHYI,Tinyman,SAT/ALGO Liquidity Pool
UZUBMZOWXMHPIV2YT3BB7Y56RN6WJIXZVJI3OMAUQBQ572E5QGUHBYZP7Q,Humble Swap,MARE/ALGO Liquidity Pool
V3ZY5W6JWWTFBQP7VAWICEX4HGATGZ5VJBNK2TB3XFFXEL7OWPHE3IEAKU,Tinyman,CARE/ALGO Liquidity Pool
V5J46DUW42VSUAEUCBEBWHAOSO7RGZCDF2USKGY7OASAOGPXJTXUVLIUWY,Tinyman,Droids/ALGO Liquidity Pool
V7QDHA2TVN5MDSWRRZWTQHPMCM3LBHQFYEFCWVJTLJELZZT2GIFS5OIN3E,Tinyman,USDt/ALGO Liquidity Pool
VAIMXJ5GWKNDZMMGQCOHOBC4K5PO6DN5G3E3CDQ2VL2P2ZLAXUEJAA4YYY,Tinyman,ALC/ALGO Liquidity Pool
VASNJQJYWPZHZYZWUB6P4TJ4SHPN5QPNSN774XBGB4FZHRYNMBOWNYDS5U,Tinyman,CHIBA/ALGO Liquidity Pool
VAWK5EA6XOJVGNB6AG3MWGMCHQV3KJ7XCO2NQXOJ3OXOFQQ7PDGMMS2NJI,Pact,PURR/ALGO Liquidity Pool
VBMPV22IZUH7PEGGXUCWTCS5AHMH6EG7XER3O43U45WSUEDLBJJUL5DKEE,Tinyman,SHSA/ALGO Liquidity Pool
VCQKE47R5UXK7IF2UHYDSHJMVNKKCMWXJ3PJVYLUMLYJNW2WLKVCL2EKO4,Pact,algodots/ALGO Liquidity Pool
VCX6OKKRYCHW2P6JJLTHETZMVN4CVGJCPGHIZ6OSGBM3E2IFJ63BWGANIM,Tinyman,BLAPU/ALGO Liquidity Pool
VD4JITVONROWZXRYAAMI5BPAMR4U2YIOL7ANPGYZNDXMFVMSRYAGMIIZ2M,Humble Swap,BAG/ALGO Liquidity Pool
VEC2XETCQ26HCLCIKU4AAWHADMGAKDAGUWGIMF5AUR5AP2GTNPE54NLREM,AKITA,Airdrop wallet
VEIG7BKDMGC3NLOXBG2ECOGGHIGN3PHOUT77YETU2336UCAVDZ5DV5RJVM,Tinyman,Algonaut/ALGO Liquidity Pool
VGRRVOB2FKJ3AEFTIWBYKA2FOXXU5CFPG44FNRLQ362XCMJQQSUZ3DKPAM,Tinyman,SMW/ALGO Liquidity Pool
VJAF4EYCH26ZEJTUOVYH6GH77BD7DQTFBZ26PFIZD6DRAGFCW2M4H5GYEQ,Tinyman,THC/ALGO Liquidity Pool
VJXBRZ6QEJAUP5CD6SRFJX65ZEA6J5X47MSXYBVDPHLGA6EMVKV6WBDLGE,Tinyman,CYCLE/ALGO Liquidity Pool
VLOOBEM2IRUUZZJTA73RLZMM7X6PFDLGWFIJUHJDM5DBJ2IXBFLY7I3FYY,Tinyman,WAVE/ALGO Liquidity Pool
VOOGP2HM345KLC4ATAY6PQJTX24GM7BVWZ6JB5SCGF4XC5MLYPB3TVEBTM,Pact,GARD/ALGO Liquidity Pool
VSN7TORAEPYWFZZS3MR4QCO4HMSMQH5DJUO73CPCVYCLVMV2TSYRJSIWH4,Tinyman,Tendies/ALGO Liquidity Pool
VSS7H3OH4GOPIAMHXWL7E3FO7JBBH5CVJTXRCMDW5KCTDKX6C5CPEWEJ4Q,Pact,STKE/ALGO Liquidity Pool
VT6GIHT7NYILF5SW7LHYYGUEHJ55FFS3CSKJWACEUZXQL6MCGG4ROY6U6U,Pact,DEFLY/ALGO Liquidity Pool
VTGB7ITXOVSW5UPLKBXHPZNMHDHOINOWY2YKHSGBK3TI2WOIGEQXX6YEGI,Tinyman,STC/ALGO Liquidity Pool
VTKJMX3EZBHZMUD7YV4FJ7XUAGAVD26XHZXJLB2JQASXZTSPSNTEV4ZB7M,Tinyman,NCOINA/ALGO Liquidity Pool
VTO4WOPIS4TAYYECOZXS6LHMACE46MWW36X3A7X5MKJVK37UCC6IFJFULI,Tinyman,YLDY/ALGO Liquidity Pool
VUBEH5Q5JQ7OBC72CHQGTBZLDCS66GCOYLYYNMJTZNFWOE6K5WC7HVXB7A,Tinyman,AWT/ALGO Liquidity Pool
VUXC6IWWPNBNJPHQPQ5AHPHY7W2B5NAER2IHZUZ5344YDJ63FSICZ7BKDQ,Humble Swap,XET/ALGO Liquidity Pool
VV635QXQWL4MCZCFIBVI3YZV622T5HUT3I5RQMPSUGWGJ3RHGX6ARVCGSM,Tinyman,ARCC/ALGO Liquidity Pool
VVTVKW6IQHTTB6CUPDCXYGM42P2B2BLAAM5EZQKXXK7WFQFJGZFYH5NZEI,Tinyman,BEAN/ALGO Liquidity Pool
VVZ6KTTHXSTAFRCGZ7LXDDNNJWNRFB4QWCG43ZCGF63WNDTP6M6J4PTGHA,Tinyman,LTBX/ALGO Liquidity Pool
VYRLDE2SZ3QCNKTAGVPVWJGJ57CFYSJMFX5C25GWQQDLSVW24AMUEEPQZA,Tinyman,Crap/ALGO Liquidity Pool
VZ6E64JX4HV4ERXUZ3XFWT4SYWMTB2HX4VZVDRW2PNLWPYMOVVGPFSDT4I,Tinyman,DPP/ALGO Liquidity Pool
VZPISZACVQ7UO73Z6RZRVTXEC5OMJOZV46I3UIEEC22TVMXLDPXLIOEW6Y,Pact,SHS/ALGO Liquidity Pool
W2XSNI7ZYMCXEPOSI7WXFNK4G2M72NDCEM7PPDTD657BB7WIBE7LFRDPLU,Tinyman,ACORN/ALGO Liquidity Pool
W3JZ23G5UG2JDRDTUH6TKC2PVYIUSRH7ZP4LN4Y6774JONX3ZGJWKYTFGI,Tinyman,CONCH/ALGO Liquidity Pool
W3RTY34WM3WNAPESJX3NCHX6KP32O6V2RI5WNB3RBKKZE3RQAXYTLNUWCI,Tinyman,USDC/ALGO Liquidity Pool
W4YJKDCALMRYM5U244XHY5UTMHV4L3L7II2DGFXOFYHBWS4NIFJN6GGM5E,Tinyman,Inu/ALGO Liquidity Pool
W5FCB4QMIMJBGACPQXCTCT265FPYH2ZXQGVHPKCPHOH7NCXQHIXSHTN4SE,Tinyman,DPANDA/ALGO Liquidity Pool
W5IGEN6LMMCXKB2HNI37I7RGEFNXDO7YAK2WAIT2OBKHKW6CX4W5VAZF6E,Tinyman,RIO/ALGO Liquidity Pool
W6KPFPE6AEET4LUJJBEWREORBI4FXPEBQLIMTNC4OS2YHL5O7Y3GF4KHUM,Pact,USDC/ALGO Liquidity Pool
WARN666I6ITOTBIFMYOOYDAT2JA63QQO2Y6MJCNER5YAF4L6MQO7W6SCAM,D13,Scam Warning Bot
WBGPAAM52ZDFERRVSDXJIERIY3CXRUFEITR6NXBVWGPCF5G4RN6EI5IFZQ,Tinyman,Nekos/ALGO Liquidity Pool
WBJO7HPXIG2LBANYDY46Z3UZPTCOPLWX5I5O5U5QMLSK3HIETPXS5LUF3I,Tinyman,FAM/ALGO Liquidity Pool
WBNMAVPW32D6D75TZHK7I724Z7M32YQ7IEXSJDLJX34TURNWCEG6J5FHDU,Tinyman,TART/ALGO Liquidity Pool
WCXA6QGIGTPDGB46VHNTUU726TRBXOF75GWGDIAEUAFF5D2DQ2F64L2Z5E,Tinyman,HYPE/ALGO Liquidity Pool
WG7SZOK3D5P27NPSUWGDEKFV6YH75PJMTAJ5GXMAXTBTWDR6FMHYXVUYNU,Tinyman,XGLI/ALGO Liquidity Pool
WGIEP7AHHWBZX6NFIVQYSK4SDXNEYOCN4D6OGVWWUPKZGZCHYQCFVT5QAE,Pact,USDC/ALGO Liquidity Pool
WGR5Y3CS7UYU63EEAZMUELMCAVCMBSBQHEMT63WBMZKP5WCRJFWLTV3OI4,Tinyman,FRKL/ALGO Liquidity Pool
WGRAKAF5GKYI7ZWD5RFRITHFKOPFGDO2U5SYYNPETOYKJPYG53JCJII6QA,Pact,gALGO/ALGO Liquidity Pool
WGUALPIZR2CIRNGBCM7YURZ7ZUM3OPUHKTP4F4HMHTX6LBT2JZK54V2XEI,Tinyman,SHIB/ALGO Liquidity Pool
WHSJSZFDLJKSUWBYYW2BJQTDMIED27KR6I3FJCBJNZCQC2FHWN25DGNNAM,Tinyman,WAVAX/ALGO Liquidity Pool
WIDACSEZN56CE35EP2TJEO4J6WQPCHF4AYLI3TCG54A56S5QDDWG2NU4KE,Humble Swap,LOX/ALGO Liquidity Pool
WNE6W62NZ4KO2AS76635MPAF2GBCZZOJIA5O3DZGNNOMWCSCJOFUWXZUHQ,Tinyman,Tacos/ALGO Liquidity Pool
WNQLMKMAYBIWK6XMPI34AFOY6NOLDZYSQ2JS226N7DJRLKQCH3E77RO6HM,Tinyman,ALGR/ALGO Liquidity Pool
WNSIS7DIQ4AE3DTFDVD7QXRRUETBRPU2PRSUVCUXBSU57EFMVZHNEPYUKM,Tinyman,GRAMO/ALGO Liquidity Pool
WPEQYKUMOM5Q5VNT5T22KUI3DCBEPNIIQLTU7QB2JBMHZGTP4XI5QP4OUI,Tinyman,CURATOR/ALGO Liquidity Pool
WQLJ42OMKFOYGEWIPMEK3P4QP63DRIOJ5ADC7L3LIOPJFPV7BG2YRSWJ4I,Vestige,Swap aggregator
WR577U6CLBR5W35ZQCOXARPWVYAIL4TC76EWBI6TPMYCR5ZOQB42KZCRQY,Tinyman,A200/ALGO Liquidity Pool
WRCT5Q6ORQHRO2R7NV3DKWCURRTJM4SUQWORBPQOFPLBY54HRXWSDMG26Q,Humble Swap,DRUD/ALGO Liquidity Pool
WRQWUAZ32VVY72DR72XK54APFD52OX75K5Y437XQ25BWM67C5NACN4TBNY,Tinyman,SVANSY/ALGO Liquidity Pool
WRZ7RTDQRE6EMBUXR5YSOZA7W3UCSPDHDF4ZMNI5UC6ZKJGSVDR3KU4DL4,Humble Swap,Peps/ALGO Liquidity Pool
WSOVH7M2GAKTAPN5G53WU3EFE5SNI7ACLYF2CBE2SC37XV4UFKDNC4VBM4,Pact,FINE/ALGO Liquidity Pool
WTKQUTMALV5EVODFEOK4QWUNGBQJGWAA34EBKTUJXMDADRG37RBERQQXU4,Tinyman,SVANSY/ALGO Liquidity Pool
WU6DODINHD23JIHIEQRQNAI73V6KPD5KXX6R4MT3QLKOR3XI7ASAKTQH3Y,Tinyman,FISH/ALGO Liquidity Pool
WUCXV7VRERK37BVWWHZM3ZGVRCUE37YS4M5CO4RVUK4DTWFU3HCOWUMK4M,Humble Swap,DBD/ALGO Liquidity Pool
WXP6JH3RVKG45Z2E4SB7AKZW6KJDVAQYTH6XZD5A6RYHZPZBQ3XTJFD56Q,Tinyman,GEMS/ALGO Liquidity Pool
X2YCX7P6MUEANKFOTTDXXKTAZFKKKYZ544W6TWFARGVRTEWQQNZP4BY7ZA,Tinyman,Planets/ALGO Liquidity Pool
X5IP2POFOMYNPGTE6HIMZOIIJPLEWZBVZZU3D5BZ45LUROXD6GYNCN55KM,Humble Swap,ALCH/ALGO Liquidity Pool
X6EUZAVJVLD72M7EKJNXMIWBY2DA4LUWXR36DZQMQPNB3GUWMMGGGOO47U,Tinyman,MAGA/ALGO Liquidity Pool
X6V67OIT42UY7LRVHLMRIAZ77BVFMRW4FI4ZF3PBRMVCM6KBJBI6VDVTXU,Tinyman,ARCC/ALGO Liquidity Pool
X723AYRQ7EBVK6A2DMPO5WS3GR44YS5K327FQVGYIJOQS4AXNT2ZR2GPNA,Tinyman,TREES/ALGO Liquidity Pool
X7WDTFOS3OBBT3CR5DO6ERXQUMPJMKOR2RGZ3UCZXNQRUOYPDRZVOBPRRI,Tinyman,ECOP/ALGO Liquidity Pool
X7ZJDEXDF4BMHINAI2DC5JMKZCF53732D6TZZYLDB7KWOVB2INLTCDFAMU,Tinyman,KTNC/ALGO Liquidity Pool
XAIN3ZZRUVMPN7JP6O3X5BSAPKKEOJ4HUPFHBCG72ABRJHAIPHUW7OF42Y,Algofi,STKE/ALGO Liquidity Pool
XB5M4WHQBJCCPOETZ37KS6GEEZ62OV2W3ODY2CBPOLWIP2RNKR77IAV47Y,Tinyman,Hsed/ALGO Liquidity Pool
XB5ORY2SQIFBRZAF6CPPCRVYL7VI2IMCO23PDOOL2TLW5O3QIEBCZWDBEQ,Pact,EURS/ALGO Liquidity Pool
XB7GOXWM6ILQSYJSWGHFHRTHSQ74GAKOPDPXBZEIFXSIHPTD74GAVVD2EY,Tinyman,DTC/ALGO Liquidity Pool
XCGY53MBGHENLO3E5RC3VNULUKUEGI75HQTA5KTYEQJW6BFR76FGQMWCCE,Tinyman,OTSDAML/ALGO Liquidity Pool
XFKT6M5VTM4TETNIZMJCOAFCLIXPSKMSYZBV7CO25AJRENPXZLASSGNAXU,Algofi,gALGO/ALGO Liquidity Pool
XHFJ5ETYHGGUX537GLNWRCGY4GM4HYAF27F2OH2J35QLQDTYDKISZOZ6KA,Humble Swap,Planets/ALGO Liquidity Pool
XHQ3MAAK5PKU2MOAV5J7OSMHAWE6VIRQOSIBWPLM56ICOYSQH7O5KRXC6Q,Tinyman,WIND/ALGO Liquidity Pool
XI3ZXZW27YX2E2EZ4X6GJ5XSX2UFBLX2URSY6NEWPRA6YNRR2ZGY6XKJU4,Pact,Barb/ALGO Liquidity Pool
XIY3U6SLJI4IVJQYHOEPKXE2TYWX36O7HVAJ3AWXHDPGYZ4XW4Y2X3MXGM,Tinyman,SHINO/ALGO Liquidity Pool
XJAPZXET7QXO5ENH2ZH53SVFZXJG3K2HRCGKZETJQ3BX6RNYVR7SUM62JA,Tinyman,GRAD/ALGO Liquidity Pool
XKX4YLHDEIZELRKEDZFJXODE5S6LOFXQFBOUNR25BKC7BJT2HARVJAN244,Tinyman,pBTC/ALGO Liquidity Pool
XLDFSQ5DPSNGRRILHWE6TCCLD5HQIMWRKUN7MEQJYXBWWS2E4V465HAHXI,Tinyman,GRUB/ALGO Liquidity Pool
XLNMBK3GMC4YEF562DMEOZEYTNDWJLQRN2GFQ3MGLVNIJTOTVGVD75DVKM,Tinyman,DEFLY/ALGO Liquidity Pool
XMBIL7TINBCH7KX3664T5BWZ55DGZ5ASF5AUE3DS4ET7QDSVEAEPJGKPAM,Tinyman,SIGN/ALGO Liquidity Pool
XOG44RQGVIHOAYZFRUUVIS57GPWRAUD7LQZ4CAIJBKQUO3OF4HNCNI77LI,Tinyman,DEATHOS/ALGO Liquidity Pool
XQI3DS6V2FHWPLZROPILIEO7GUDINYASY2RMX376Q5VQ7PPIIAZLUKRJMI,Humble Swap,GORA/ALGO Liquidity Pool
XQTUBZOTIJ4PGLXKRXRTDSY5EKSJOV3DJGQVJ2F7S46URNCCJBXPXAEK5A,Pact,KC/ALGO Liquidity Pool
XQZ7P6QN6A77RHWK6G3LTCBHZJG3NRZFUT6BYJMOTOUAAWHBL7AEKNAV2I,Tinyman,INFT/ALGO Liquidity Pool
XSCSYQK6W2WXXWR5YH4NJ5UZQGERIC7ZS2734N6QA3YEHMFPG3GDXSQZFU,Tinyman,META/ALGO Liquidity Pool
XSITA2AICLBLG5WG2HN5SS7J5V24EY5DUCA3VJE5YNLTCB3A2IN3VTZHIE,Tinyman,Inu/ALGO Liquidity Pool
XTF3XBNKTUD5FWG3SQKCLDH2DAARM6YOHGO35CX4IHAIHQYCRVE3DTJ5TA,Tinyman,NOM/ALGO Liquidity Pool
XTX2ZALKUVHUTMGQXHEMD6WXOBZQ47LIHKJ3D3KO63LVJEFFD4GZLL4BMA,Tinyman,OTSDGFKD/ALGO Liquidity Pool
XVNV5TWEYMAV3WHOQX7JRFJKT4RRGTSDU2KFPRIMKRN7X2UEVMFNTVKW6U,Tinyman,GTPS/ALGO Liquidity Pool
XX7I72E4R4ESDWWLK75ZMQP43PJFSZ54IG5GKZAAHUV5LLJ3IVXVP5OVIM,Tinyman,SHSA/ALGO Liquidity Pool
XXDXLTHQSXYUHEDCBZLQSF6AQG3XQG43Y2VRPV63BFJH2ADVM7Y2PGZL7A,Tinyman,MMMM/ALGO Liquidity Pool
XY4HJKF5FOVO4QL5F7XHVNY2DSX4UF4NUI2GBAUD2BOVLUR3NHUWGFRG2Q,Tinyman,HIM/ALGO Liquidity Pool
XZF5FRJLS5LPM7WKBR2CZ7T3BBCLY445TIOZKCE3LXNGX5KHA6ZQYSPTUI,Tinyman,AFD/ALGO Liquidity Pool
Y2WT7ZM2YBEDPBSHZOS75SAZOQEKBJ5FFS64TH34Q2STAV4RRJBELYGUK4,Pact,XDB/ALGO Liquidity Pool
Y5DNQWYUJCSYCAJPKX6JNSMZCR5OWDMQGCEVGHCBGJZ7J2LA7EJ7SO74AI,Tinyman,goETH/ALGO Liquidity Pool
Y66OUU6AV5DXPSQ6CEAUTTPJ7FJVVT65SC4GR2FDBHODQWMNEWZHUYWEWU,Tinyman,AETF/ALGO Liquidity Pool
Y74RXNAUAZT2U5PD57Y22NVU6UPW5WNLRLHA763EE5IJSLSJXRAX6YY4OE,Tinyman,YLDY/ALGO Liquidity Pool
YBZIN75CXXDTX2UUWU5OAFWUOZU7UYLETZ4E7ESEYQJUP7AG7K4CPP47VY,Algofi,Tacos/ALGO Liquidity Pool
YCAQL4FXQW7CI2WGQQQZ4KWSEDMVYKM4UU5MHC72H2GM2EPARCG4SIDYQU,Tinyman,ANKHA/ALGO Liquidity Pool
YDWU372XB2WZE7ZV4GM25T5BI5VHPBYFDAOXBZLO55DFT3IIPUW7ZO3HLU,Tinyman,DHARM/ALGO Liquidity Pool
YENBOJABBQET7UGQCKSM4R5BZ7PE2D5MQ4VS2UGZXGBO5Z6HXJ67SHZS4I,Tinyman,BOBO/ALGO Liquidity Pool
YFZROUPQONLHMGMKM4ZRPQQG5QUQFNQBNSZPBQRL2PUBP7VCNVXPGOSPLA,Tinyman,MINIMOO/ALGO Liquidity Pool
YHHF77E5O4UTOSMS7Q45JFASW4KG3J5ZK2DPM3D7BHTHOLFQ5OTYZXEEY4,Tinyman,FRKL/ALGO Liquidity Pool
YHSUVVOYZEYTBIU3VIGUE55H2UQWQX7B7M4OLRKBQJG3PX4TBKF2A7GXOI,Tinyman,KRYSTAL/ALGO Liquidity Pool
YIMSLXKCAUEANTR5VNDGYAYNAIWKWVVIJ5WFX2HYRGZQSPJ5R5NH6QXB4I,Tinyman,POOR/ALGO Liquidity Pool
YKXK4DGIMZUZQYVKSDH6DNFTFWQDFUYI6IMYX6IHLA5NITACES3NU6ZO5U,Tinyman,KC/ALGO Liquidity Pool
YLNMUHDGH2G7G2PQMSU7K4TEQ6JPNE752LLXECCA7XCE3AB7JO3I3HQTDQ,Tinyman,FRY/ALGO Liquidity Pool
YMJ4MT4RJ4QGW3RVB4UWNL5NBMLMU2656S5OBHOBCPAERY4ITP4DDYOKWI,Tinyman,Finite/ALGO Liquidity Pool
YMV2DOZNRKISJ46BQITC5ICHLEA5L2SYEGZEHDKBCNLR4OLQUBNW4Q4W3M,Humble Swap,AKTA/ALGO Liquidity Pool
YOANI5ZH6LPGKQVQ3D3SXK6S2QB3WNJUGCVEBQT2CIS3M5XJ5IZYKQNDWI,Tinyman,WCT/ALGO Liquidity Pool
YPUCAESAP5QQUX7TTQLUOWTBKNBJJU7QJPLBTKANGHT7ZAX7EW64MIC3SQ,Tinyman,BRAINZ/ALGO Liquidity Pool
YQMYOHQEIVYN7MMWN6FIK4OKAWZMHFGXEMXYY62VMQCU72LK5L7TGNBK7U,Tinyman,IQ/ALGO Liquidity Pool
YQN5GXSJOOQ6WVSYXNAXFSRRO6WXHLJVSXLXKSRZIJ5AT7URKFYW3BNF6E,Humble Swap,L$A/ALGO Liquidity Pool
YSBF4UXZTKVGX6LHX73JOPBSOHVM6QFNN6BEK567C4HSRXPK66NN23HD7Y,Tinyman,Butts/ALGO Liquidity Pool
YTKHYGTTWZADGXJ3NC5R4MQJB64XUL5OEMXDOO23UKVGQSWKOSG2MRVZ6M,Tinyman,WETH/ALGO Liquidity Pool
YUQEHKNECBMDLHMK55YKLBZFLOEYAOSUY6NTX7AXBCALSXVLKAQZJ6HKBQ,Humble Swap,G$G/ALGO Liquidity Pool
YUQUYYY6KRFL5G5BR3MQU5DJV46EUADAEG6M2HLN6R2ZSRQAJDZIAS7SOU,Tinyman,GMEme/ALGO Liquidity Pool
YXR2KQZ45KZVFVCPYY6XLN4ULCRFSBZ4XCPCJJ5DLV5V4G5G2YAYQFFUDQ,Tinyman,GEMS/ALGO Liquidity Pool
YYJBIHGTEME2N7TUZPD2GSAKTQ3GAHNDUFJYRND4DZ5ICLAWS75NEWY5QI,Humble Swap,Amina /ALGO Liquidity Pool
YYJP5UOHH5I7ORRWIAQ73WIMELDLARSZ26DLILUFCX6QGIJX23SJLCFWXU,Tinyman,ASASTATS/ALGO Liquidity Pool
YZGK6A5IONTM3TBD24GQKM3LUUMV733UT6DHVZXUTPJUZSZ2RLC26AOVS4,Tinyman,RAINB/ALGO Liquidity Pool
Z2HPGJCXO6XZYZP5RUIIWCWGNQRCBI6ADRJDFVSSJH6ITWK6I4L3ZA4MIA,Tinyman,ZENI/ALGO Liquidity Pool
Z3LALYKRJLYBBLSSZKI6QZRYYY3E5TQZC4PTZHVOANOOKWFA3GQWP5MBUU,Tinyman,REV/ALGO Liquidity Pool
Z52IYA3ZIR6CSFK5B5NE7QQVFATLYT66JVIMZJ3Z3KFSZNKZUCWH6JYYZU,Tinyman,ARSx/ALGO Liquidity Pool
Z53B6ZWEDEPO4VQSNL4UJ3EAILQFURPSEHQMTRNQ6HY4EHULKA5VFVUOIE,Pact,goETH/ALGO Liquidity Pool
Z6CR3JRUXOVYJT3OGIZZ72VU46TZYDYMYSHO2AP7ETTVIP5TPGJFER3GDU,Tinyman,LLTD/ALGO Liquidity Pool
Z6QZD57FPX7GHMT5BPQQBHARFSTROYCRT5P7ICSOA62YS4REEGWAKIWYVA,Tinyman,PIG/ALGO Liquidity Pool
ZD5K3RREVYTIVO525KF6GZX3NM3NKYY7DNACZD4AJK3I5HOTFV345YMQO4,Tinyman,MOONX/ALGO Liquidity Pool
ZDZPLTZVFAKZ5OMGCWBEXRY56L7BLUGMPP33AKEZYXL5CLAMTIFVU77JRI,Pact,ART/ALGO Liquidity Pool
ZF4N2ZBFTVBEWJB23HWEUPTHBHXIZXI7WOJ4OJP3LXTB7PBECPXOGJRXG4,Tinyman,PGen/ALGO Liquidity Pool
ZFYOM7635VZ2OVYH2JHJADE6MCEQVLPZYGFK6QTXDVBNTSC5I3GOGKER6I,Tinyman,BigHugs/ALGO Liquidity Pool
ZIIO3QT3B3RELZ3TJZ7NL6D56IZOA34WDLHKGKWW2BZTVBYFA3LRWGIN3Y,Pact,Finite/ALGO Liquidity Pool
ZJ7T2UIJASX5PABQFXZLCTQ2Q7D6HECTTMCP6J4RLAHSFI5ENZRLSNDXKI,Tinyman,PIT/ALGO Liquidity Pool
ZJV62JP5FVR6IKXNVADCPNA4Z62UTFT7P6WS7U4X7OU2B4BNSB7MND2FAQ,Tinyman,SKYE/ALGO Liquidity Pool
ZOHWHXWLZEZXJBLWD2IXT3OPD2B7Z7MO7PCE62HPQ32TXY5LVM3HNOIGU4,Tinyman,KTNC/ALGO Liquidity Pool
ZPDS3OQ5C24756FRNK6FPND2SLPOVFFLEKTKTVW6DXD7DSRPGNDXS6XWDQ,Tinyman,TEST/ALGO Liquidity Pool
ZPKOK5EPESRSMR3IEG4LDXLMANXLM6VKUNAU3HSGWTNNSUTKJPGXPLBCWE,Tinyman,MDMRT/ALGO Liquidity Pool
ZPMVR5CBMJ2AFSHHZDRDSSQHO2AVGLLI3VWEVZOXK2NFQG5KRUHEXSFVAE,Tinyman,TJ1/ALGO Liquidity Pool
ZR2FOUK2F5E4FRNTOUN3ITGNUGSW45X24T5ZHH35FMOYFHOYTTNAEWZKXQ,Tinyman,KUBERA/ALGO Liquidity Pool
ZS4TVC5BF5DYPSGMS25K55PRUR6CHR5OLQAA7ZFNSUCIUJP532XGIOLQTU,Algofi,SMILE/ALGO Liquidity Pool
ZTM6ZJOBEUTAV5SQCPGF34I63ATXRQGKZWWJDX7QB2JN7KI2TOYW3JWZUM,Tinyman,G-OCEAN/ALGO Liquidity Pool
ZU5B5QXOSCPCS7E3MLJQTORSP3SCNA3MZ5PSEZKXCSWLCE65TSPD625YBI,Tinyman,RAPDEF/ALGO Liquidity Pool
ZUB6K3E6PGJ6MAZATKIJAIRG3HV22263KWWV5SJRYZHNQ4ORZ4Y43XBX3U,Tinyman,gmtS/ALGO Liquidity Pool
ZXPLPTOHCSB5WS6YETCMJ4SQWQTHFOPVYBM4DAIFBYU56LAFCVD47VWMFA,Tinyman,MCAU/ALGO Liquidity Pool
ZYCAJUMLUBNREPWSC57J4ACLCW4M76SPM6Z2Y7W4ES4FPX6227O3NHW5OA,Tinyman,$Bird/ALGO Liquidity Pool
ZZJNP4QMRQS5IWRIT57P6RQJ2EPK4LBDWNAUNF7EXOUNZU4BUTDXIDHI6I,Algofi,USDt/ALGO Liquidity Pool
ZZV4M3XAMBVO4GQALTL4A3UGHZKX2ZDZKFN2FY3UZN35RN3LWQU5NR2NCI,Pact,Peps/ALGO Liquidity Pool
