ID,platform,appName
1000168766,Humble Swap,goUSD/goETH Liquidity Pool
1000169469,Humble Swap,goUSD/goBTC Liquidity Pool
1000708709,Cometa,META-ALGO LP > META
1002225625,Humble Swap,TLP/USDt Liquidity Pool
1002541853,Tinyman,560039769/ALGO Liquidity Pool
1003712890,Pact,554633918/ALGO Liquidity Pool
1003719049,Pact,Leaf/USDC Liquidity Pool
1004044420,Cometa,USDC-ALGO LP > META
1005645009,Cometa,MOIST > MOIST
1006304054,Cometa,USDC-ALGO LP > META
1006332655,Cometa,META-ALGO LP > META
1007157345,Cometa,COSG > COSG + ALGO
1007624697,Cometa,ALCH-ALGO LP > AGOLD
1009321938,Cometa,ROYAL-ALGO LP > ROYAL + ALGO
1009918360,Cometa,KITSU-ALGO LP > KITSU
1010455667,Cometa,Dossa-ALGO LP > Dossa
1010907359,Cometa,KITSU > KITSU
1011429453,Humble Swap,1000870705/ALGO Liquidity Pool
1013729631,Pact,xUSD/USDC Liquidity Pool
1013730551,Pact,USDC/USDt Liquidity Pool
1015956588,Cometa,META-ALGO LP > META
1017214463,Cometa,STAR > STAR
1017930378,Cometa,OPYX-ALGO LP > META + ALGO
1018085373,Cometa,OPYX-ALGO LP > META
1018094865,Cometa,OPYX-ALGO LP > META + ALGO
1018638948,Tinyman,Tinygear forge
1021935547,Cometa,ROYAL > ROYAL + ALGO
1025293802,Cometa,GROW > USDC
1026089225,Vestige,Swap
1027044109,Pact,TLP/USDt Liquidity Pool
1031127766,Pact,VEST/Finite Liquidity Pool
1032301861,Cometa,Rabbit-ALGO LP > Rabbit
1032471193,Cometa,OPYX > OPYX
1032639437,Cometa,MOIST > MOIST
1032821729,Cometa,GROW-ALGO LP > GROW + ALGO
1033497981,Cometa,PIZZA-ALGO LP > PIZZA
1033498923,Cometa,PIZZA > PIZZA
1035193551,Cometa,ALCH-ALGO LP > AGOLD
1035503264,Cometa,ROOBZ > ROOBZ
1039471227,Pact,1024439078/ALGO Liquidity Pool
1041196059,Cometa,ROOBZ-MOIST LP > ROOBZ
1041908808,Cometa,ASASTATS > ASASTATS
1042332502,Pact,BLAPU/ALGO Liquidity Pool
1042547363,Humble Swap,790704501/ALGO Liquidity Pool
1044267181,Folks Finance,Lending V2 - Opul
1044419211,Cometa,META > META + ALGO
1047483457,Pact,VEST/goUSD Liquidity Pool
1048394205,Humble Swap,Butts/ALGO Liquidity Pool
1048428132,Pact,401752010/USDC Liquidity Pool
1049108275,Humble Swap,1037125809/ALGO Liquidity Pool
1049111131,Deflex,Order Router
1049845806,Cometa,gALGO-ALGO LP > XET
1049854585,Cometa,KC-ALGO LP > Planets
1050642641,Cometa,Lions > Lions + ALGO
1050940642,Humble Swap,ONE/ALGO Liquidity Pool
1054389086,Cometa,IAQ > IAQ
1055369743,Humble Swap,VSM/ALGO Liquidity Pool
1055495908,Cometa,Choice > USDC + ALGO
1055496932,Cometa,BP > goBTC + ALGO
1055913824,Cometa,ONE > ONE
1056097065,Humble Swap,COWRIE/ALGO Liquidity Pool
1056101168,Humble Swap,PAISA/ALGO Liquidity Pool
1056118522,Cometa,MOIST > MOIST
1056634597,Cometa,Choice > goBTC + ALGO
1056825958,Pact,USDC/ALGO Liquidity Pool
1057947062,Cometa,ROOBZ > ROOBZ
1058934586,Pact,1058926737/goBTC Liquidity Pool
1058935016,Pact,887406851/goETH Liquidity Pool
1060585819,Folks Finance,Lending V2 - GARD
1060872094,Cometa,AIAL > AIAL
1062853105,Cometa,Choice > DEFLY + ALGO
1066704590,Cometa,VYBE > VYBE
1068733153,Cometa,BANANA-ALGO LP > BANANA
1070829015,Cometa,META-ALGO LP > META
1072765779,Cometa,Choice > Choice + ALGO
1072948743,Pact,441139422/ALGO Liquidity Pool
1073547054,Pact,goBTC/USDC Liquidity Pool
1073550511,Pact,452047208/ALGO Liquidity Pool
1073557308,Pact,31566704/ALGO Liquidity Pool
1073558654,Pact,470842789/ALGO Liquidity Pool
1073568060,Pact,287867876/ALGO Liquidity Pool
1073570812,Pact,goUSD/GOLD$ Liquidity Pool
1073573017,Pact,511028589/ALGO Liquidity Pool
1073573818,Pact,Butts/ALGO Liquidity Pool
1074085072,Pact,310014962/ALGO Liquidity Pool
1074140605,Pact,400593267/ALGO Liquidity Pool
1074144036,Pact,Finite/USDC Liquidity Pool
1074146922,Pact,Finite/goBTC Liquidity Pool
1074156948,Pact,DEFLY/Finite Liquidity Pool
1074583306,Humble Swap,goUSD/USDC Liquidity Pool
1074982809,Pact,386192725/ALGO Liquidity Pool
1075354880,Pact,558978094/ALGO Liquidity Pool
1075389128,Pact,452399768/ALGO Liquidity Pool
1075397410,Pact,452399768/ALGO Liquidity Pool
1075404856,Pact,Vote/goBTC Liquidity Pool
1075409914,Pact,Vote/USDC Liquidity Pool
1076049166,Pact,386195940/ALGO Liquidity Pool
1076301648,Pact,684649988/ALGO Liquidity Pool
1076332137,Pact,700965019/ALGO Liquidity Pool
1076447842,Pact,USDC/ALGO Liquidity Pool
1076924256,Cometa,Finite-Choice LP > DEFLY + ALGO
1076947147,Cometa,Choice-USDC LP > USDC + ALGO
1078306383,Pact,gALGO/Vote Liquidity Pool
1078952614,Pact,VYBE/USDC Liquidity Pool
1079325560,Cometa,META > META
1079689213,Pact,408898501/ALGO Liquidity Pool
1079941533,Humble Swap,MADIBA/ALGO Liquidity Pool
1080386628,Cometa,MOIST > MOIST
1080436958,Pact,VEST/USDC Liquidity Pool
1081739341,Cometa,ROOBZ > ROOBZ
1081974468,Pact,xUSD/goUSD Liquidity Pool
1081978547,Pact,goUSD/USDt Liquidity Pool
1082681851,Cometa,GLIZZY > GLIZZY
1082757372,Pact,goUSD/SILVER$ Liquidity Pool
1083292260,Pact,329110405/ALGO Liquidity Pool
1083679486,Cometa,PIZZA > PIZZA
1083681636,Cometa,PIZZA-ALGO LP > PIZZA
1083702512,Humble Swap,1065092715/ALGO Liquidity Pool
1084145606,Pact,1065092715/ALGO Liquidity Pool
1084261997,Pact,246519683/ALGO Liquidity Pool
1084285568,Cometa,Skynet > Skynet
1085902505,Cometa,KC > KC
1085990576,Cometa,ALCH-ALGO LP > AGOLD
1086254698,Cometa,PDAT > PDAT
1087447098,Pact,goUSD/goMINT Liquidity Pool
1087572681,Pact,gALGO/goBTC Liquidity Pool
1087725096,Pact,283820866/ALGO Liquidity Pool
1088115567,Humble Swap,gALGO/USDC Liquidity Pool
1088495649,Cometa,Skynet-ALGO LP > Skynet
1089739863,Pact,SILVER$/ALGO Liquidity Pool
1089997525,Cometa,KC-ALGO LP > KC
1091396923,Cometa,INFT > INFT
1091551281,Pact,gALGO/goUSD Liquidity Pool
1092426381,Cometa,META > Tacos
1092503478,Cometa,ABCA > ABCA
1093274092,Cometa,ALC-ALGO LP > ALC
1093919911,Humble Swap,gALGO/USDt Liquidity Pool
1094070961,Humble Swap,RAWR/ALGO Liquidity Pool
1094752191,Pact,ABCA/SCOUT Liquidity Pool
1094753084,Pact,ABCA/USDC Liquidity Pool
1094754871,Pact,1037125809/ALGO Liquidity Pool
1095032598,Cometa,INFT-ALGO LP > INFT
1095312368,Cometa,CRSD-ALGO LP > CRSD + ALGO
1095885490,Humble Swap,NPEPE/ALGO Liquidity Pool
1096122909,Pact,PEPE/goETH Liquidity Pool
1096292251,Pact,PEPE/Finite Liquidity Pool
1096496871,Pact,1096015467/ALGO Liquidity Pool
1096545956,Humble Swap,PEPE/ABCA Liquidity Pool
1096908252,Cometa,Skynet > Skynet
1097421709,Cometa,Shots-ALGO LP > MOIST
1097496346,Cometa,COSG > COSG
1097545704,Cometa,FOX-ALGO LP > PEPE + ALGO
1097809489,Cometa,PCHY-ALGO LP > INFT
1097841051,Cometa,PCHY > INFT + ALGO
1097875125,Cometa,MOOP-ALGO LP > PEPE + ALGO
1098846149,Cometa,ROYAL > PEPE
1099563747,Pact,PEPE/goUSD Liquidity Pool
1099885136,Cometa,PEPE-ALGO LP > META
1100197957,Cometa,GROW > GROW
1100473750,Pact,818432243/ALGO Liquidity Pool
1101653406,Cometa,MOIST > MOIST
1101885451,Pact,246516580/ALGO Liquidity Pool
1102415949,Cometa,ROOBZ > ROOBZ
1103395819,Pact,796425061/ALGO Liquidity Pool
1103398351,Humble Swap,796425061/ALGO Liquidity Pool
1104647287,Pact,COOP/USDC Liquidity Pool
1105758414,Humble Swap,WCT/ALGO Liquidity Pool
1107039506,Pact,PEPE/COOP Liquidity Pool
1107655435,Pact,CRSD/goBTC Liquidity Pool
1108001703,Humble Swap,ABCA/COOP Liquidity Pool
1108260853,Cometa,GROW > GROW
1109207898,Pact,724480511/ALGO Liquidity Pool
1109568933,Pact,AKTA/Finite Liquidity Pool
1109641718,Cometa,AWT-ALGO LP > AWT
1110082577,Cometa,CPV-Finite LP > Finite
1110651519,Cometa,Tendies-ALGO LP > Tendies
1110655047,Cometa,Tendies > Tendies
1110828764,Cometa,PRSMS-ALGO LP > PRSMS
1111226993,Pact,DEFLY/goBTC Liquidity Pool
1111416823,Pact,GARD/USDC Liquidity Pool
1111551086,Cometa,CARDI-ALGO LP > CARDI
1111685582,Cometa,BOYS-ALGO LP > BOYS
1111863028,Cometa,Tendies-PEPE LP > Tendies
1112561592,Pact,VEST/401752010 Liquidity Pool
1114717395,Humble Swap,ABCA/YLDY Liquidity Pool
1116852053,Pact,SICO/ALGO Liquidity Pool
1117050135,Pact,SICO/PEPE Liquidity Pool
1117050844,Pact,SICO/COOP Liquidity Pool
1117156275,Pact,SICO/SCOUT Liquidity Pool
1117503936,Cometa,ZONE > ZONE
1117565078,Cometa,COOP > ABCA
1117572914,Cometa,PEPE > ABCA
1118067916,Pact,1114942423/ALGO Liquidity Pool
1118352176,Pact,SICO/ABCA Liquidity Pool
1118358790,Pact,1105062628/ALGO Liquidity Pool
1120347547,Humble Swap,1119722936/ALGO Liquidity Pool
1122945667,Pact,1119722936/ALGO Liquidity Pool
1123060755,Pact,1118456851/ALGO Liquidity Pool
1124274750,Pact,31566704/ALGO Liquidity Pool
1124469210,Humble Swap,1124070239/ALGO Liquidity Pool
1124472462,Pact,1124070239/ALGO Liquidity Pool
1125036323,Pact,OTSDAML/ALGO Liquidity Pool
1126342413,Pact,WOOD/SCOUT Liquidity Pool
1126805792,Pact,1124915436/ALGO Liquidity Pool
1127455434,Cometa,META > META
1127518312,Cometa,HIVE-ALGO LP > HIVE
1129076440,Pact,xUSD/SILVER$ Liquidity Pool
1129082910,Pact,xUSD/GOLD$ Liquidity Pool
1129173571,Pact,393537671/ALGO Liquidity Pool
1131884994,Pact,31566704/ALGO Liquidity Pool
1132259748,Cometa,COOP > META
1133736906,Cometa,COOP/META LP Staking
1133890976,Cometa,GPEPE-ALGO LP > GPEPE
1134569936,Cometa,META > COOP
1134737207,Cometa,Tendies-ALGO LP > Tendies
1134740124,Cometa,Tendies-COOP LP > Tendies
1134745460,Cometa,Tendies > Tendies
1134746673,Cometa,WOOD-Tendies LP > Tendies
1134936223,Cometa,THC-COOP LP > PEPE + ALGO
1135274424,Cometa,CARDI-ALGO LP > CARDI
1135604527,Cometa,FINE-ALGO LP > FINE + ALGO
1135784847,Cometa,META-ALGO LP > META
1136499318,Pact,TRTS/USDC Liquidity Pool
1136583626,Cometa,ALC-ALGO LP > ALC
1137914704,Pact,811721471/ALGO Liquidity Pool
1138324124,Cometa,THC-goBTC LP > THC + ALGO
1138387594,Pact,297081422/ALGO Liquidity Pool
1139160938,Pact,WORMHOLE/ALGO Liquidity Pool
1139222891,Cometa,COSG > COSG
1140047760,Cometa,PIZZA-ALGO LP > PIZZA
1140048855,Cometa,PIZZA > PIZZA
1140534447,Cometa,ZONE > ZONE
1140535341,Cometa,ORDINALS > ORDINALS
1140609824,Pact,goUSD/Vote Liquidity Pool
1140675868,Pact,goUSD/goBTC Liquidity Pool
1142154085,Humble Swap,GORA/ALGO Liquidity Pool
1142162834,Humble Swap,1138500612/ALGO Liquidity Pool
1142173909,Cometa,COOP-ALGO LP > COOP
1142174481,Cometa,COOP-USDC LP > COOP
1142175659,Cometa,COOP-goETH LP > COOP
1142176474,Cometa,COOP-goBTC LP > COOP
1143284578,Pact,goBTC/USDt Liquidity Pool
1143688686,Cometa,GROW > GROW
1144469745,Pact,1131427236/ALGO Liquidity Pool
1145166537,Humble Swap,goUSD/SILVER$ Liquidity Pool
1145169246,Humble Swap,goUSD/GOLD$ Liquidity Pool
1145200856,Humble Swap,PEPE/USDC Liquidity Pool
1146574880,Pact,COOP/goUSD Liquidity Pool
1147715054,Cometa,GORA-META LP > META
1151154426,Pact,PEPE/GEMS Liquidity Pool
1151234186,Cometa,GRAMO-ALGO LP > GRAMO + ALGO
1151905109,Cometa,CARDI-ALGO LP > CARDI
1154752232,Cometa,META-goBTC LP > META
1157973874,Cometa,COOP > META
1158097088,Cometa,KC-COOP LP > KC
1160125835,Pact,1118904346/ALGO Liquidity Pool
1160639118,Cometa,GAS-ALGO LP > GAS
1160643964,Cometa,GAS-COOP LP > GAS
1160645577,Cometa,GAS-META LP > META
1161703758,Pact,goBTC/Choice Liquidity Pool
1162657626,Cometa,COOP-META LP > META
1163370759,Cometa,COSG-META LP > META
1165470161,Alammex,Swap
1165533345,Cometa,ZONE > ZONE
1165735592,Cometa,Jimmy-ALGO LP > Jimmy
1165858091,Humble Swap,1010838509/ALGO Liquidity Pool
1166532679,Cometa,CARDI > CARDI
1166540254,Cometa,CARDI-ALGO LP > CARDI
1168266891,Pact,X-NFT/goMINT Liquidity Pool
1168752776,Humble Swap,X-NFT/goMINT Liquidity Pool
1169815165,Cometa,META > META
1171223374,Pact,1164556102/ALGO Liquidity Pool
1171308792,Pact,APRN/ALGO Liquidity Pool
1171447608,Humble Swap,1169658307/ALGO Liquidity Pool
1176253261,Cometa,OMNI-ALGO LP > OMNI
1176342175,Cometa,META-AKTA LP > META
1177264879,Cometa,COOP-USDC LP > COOP
1178650549,Pact,453816186/ALGO Liquidity Pool
1178702109,Pact,PURRS/TRTS Liquidity Pool
1178704008,Pact,VEST/AGR Liquidity Pool
1178769778,Pact,Finite/goETH Liquidity Pool
1179190164,Humble Swap,1105062628/ALGO Liquidity Pool
1180634163,Pact,Crescendo/Meld Gold (g) Liquidity Pool
1181571081,Cometa,COOP > META
1181631706,Cometa,DHARM-META LP > META
1182281219,Cometa,META-USDC LP > META
1182308574,Cometa,META-ALGO LP > META
1183817580,Cometa,GPEPE > GPEPE + ALGO
1186689824,Pact,AGR/goBTC Liquidity Pool
1187189356,Cometa,COSG > COSG
1187927502,Cometa,COOP-META LP > META
1187937529,Cometa,ZONE > ZONE
1188154214,Cometa,GAS-COOP LP > GAS
1189968609,Pact,mALGO/goUSD Liquidity Pool
1189986023,Pact,mALGO/RLB Liquidity Pool
1189991463,Pact,1185173782/ALGO Liquidity Pool
1190444278,Cometa,GPEPE-ALGO LP > GPEPE
1191447449,Cometa,ONE-ALGO LP > ONE
1195435849,Cometa,THC > COOP + ALGO
1196648150,Cometa,ALGO-GORA LP > META
1196685144,Cometa,GORA-COOP LP > GORA
1196692324,Cometa,RAWR-ALGO LP > RAWR
1197860386,Cometa,META-DEFLY LP > META
1197905770,Cometa,META-VEST LP > META
1198987646,Cometa,COOP-xUSD LP > COOP
1198990163,Cometa,COOP-GOLD$ LP > COOP
1202874884,Pact,593826822/ALGO Liquidity Pool
1203961256,Humble Swap,1182123607/ALGO Liquidity Pool
1205383274,Humble Swap,1185173782/ALGO Liquidity Pool
1205778312,Humble Swap,1188287738/ALGO Liquidity Pool
1206981291,Humble Swap,1137071163/ALGO Liquidity Pool
233725844,Yieldly,Prize Game/Escrow
233725848,Yieldly,Proxy Contract
233725850,Yieldly,YLDY > YLDY + ALGO Staking
348079765,Yieldly,YLDY > OPUL Staking
350338509,Tinyman,498832999/ALGO Liquidity Pool
352116819,Yieldly,YLDY > SMILE Staking
354073718,AlgoDEX,Buy (Order book)
354073834,AlgoDEX,Sell (Order book)
367431051,Yieldly,OPUL > OPUL Staking
373819681,Yieldly,SMILE > SMILE Staking
385089192,Yieldly,YLDY > ARCC Staking
421621587,ab.gallery,NFT Listing
424101057,Yieldly,YLDY > XET Staking
447336112,Yieldly,YLDY > CHOICE Staking
464365150,Yieldly,CHOICE > CHOICE Staking
465814065,Algofi,ALGO (Market contract)
465814103,Algofi,USDC Lending Market
465814149,Algofi,goBTC (Market contract)
465814222,Algofi,goETH (Market contract)
465814278,Algofi,STBL Lending (Market contract)
465814318,Algofi,Vault (Market contract)
465818260,Algofi,Lending Protocol (Manager contract)
470390215,Yieldly,XET > XET Staking
471798800,ab.gallery,NFT Listing
482608867,Algofi,STBL Staking (Market contract)
482625868,Algofi,STBL Staking (Manager contract)
485247444,Algofi,USDC/STBL LP-TMv1 Staking
498747685,Yieldly,ARCC > ARCC Staking
511593477,Yieldly,AKITA/ALGO LP > YLDY Staking
511597182,Yieldly,YLDY > AKITA Staking
537279393,Akita Inu ASA,Token Swap App
552635992,Tinyman,828794714/ALGO Liquidity Pool
553866305,Algofi,STBL/USDC LP-TMv1 Staking Market
553869413,Algofi,STBL/USDC LP-TMv1 Staking Manager
556355279,Yieldly,AKTA/ALGO LP > YLDY Staking
568949192,Yieldly,YLDY/XET LP > YLDY Staking
583355704,Yieldly,YLDY/ARCC LP > YLDY Staking
583357499,Yieldly,YLDY > ARCC Staking
591414576,Yieldly,YLDY > DEFLY Staking
591416743,Yieldly,YLDY/DEFLY LP > YLDY Staking
593126242,Yieldly,YLDY > KTNC Staking
593289960,Yieldly,YLDY > TREES Staking
593294372,Yieldly,YLDY/TREES LP > YLDY Staking
593324268,Yieldly,YLDY > BLOCK Staking
593337625,Yieldly,YLDY/BLOCK LP > YLDY Staking
596947890,Yieldly,HDL > HDL Staking
596950925,Yieldly,YLDY > HDL Staking
596954871,Yieldly,YLDY/HDL LP > YLDY Staking
604392265,Yieldly,YLDY > CHIP Staking
604411076,Yieldly,YLDY > FLAMINGO Staking
604434381,Yieldly,YLDY > BIRDS Staking
604437391,Yieldly,YLDY/BIRDS TM-> YLDY Staking
605753404,Algofi,AMM Contract
605929989,Algofi,31566704/ALGO Liquidity Pool
607645439,Algofi,465865291/ALGO Liquidity Pool
607660059,Algofi,386195940/ALGO Liquidity Pool
607663981,Algofi,386192725/ALGO Liquidity Pool
607668243,Algofi,226701642/ALGO Liquidity Pool
607684957,Algofi,DEFLY/ALGO Liquidity Pool
607686682,Algofi,523683256/ALGO Liquidity Pool
607692965,Algofi,STKE/ALGO Liquidity Pool
607696379,Algofi,137594422/ALGO Liquidity Pool
607700928,Algofi,163650/ALGO Liquidity Pool
607706595,Algofi,chip/ALGO Liquidity Pool
609172389,Algofi,STBL/USDC Liquidity Pool
609492331,Yieldly,YLDY > WBLN Staking
609496314,Yieldly,YLDY/WBLN LP > YLDY Staking
611212188,Algofi,361671874/ALGO Liquidity Pool
611223170,Algofi,297995609/ALGO Liquidity Pool
611333481,Algofi,283820866/ALGO Liquidity Pool
611801333,Algofi,STBL/ALGO LP Staking (Market contract)
611804624,Algofi,STBL/ALGO LP Staking (Manager contract)
611867642,Algofi,STBL/USDC LP Staking Market
611869320,Algofi,STBL/USDC LP Staking Manager
612897573,Algofi,312769/ALGO Liquidity Pool
612930908,Algofi,230946361/ALGO Liquidity Pool
613193782,Algofi,31566704/ALGO Liquidity Pool
613209438,Algofi,27165954/ALGO Liquidity Pool
613210847,Algofi,287867876/ALGO Liquidity Pool
613211274,Algofi,226265212/ALGO Liquidity Pool
613217007,Algofi,USDt/ALGO Liquidity Pool
613218975,Algofi,TREES/ALGO Liquidity Pool
613230784,Algofi,2751733/ALGO Liquidity Pool
613234692,Algofi,403499324/ALGO Liquidity Pool
613235395,Algofi,390982964/ALGO Liquidity Pool
613236122,Algofi,251014570/ALGO Liquidity Pool
613272542,Algofi,300208676/ALGO Liquidity Pool
613275177,Algofi,AGNR/ALGO Liquidity Pool
613339906,Algofi,329110405/ALGO Liquidity Pool
617179069,Algofi,388502764/ALGO Liquidity Pool
617707129,Yieldly,YLDY > DPANDA Staking
617728717,Yieldly,YLDY/DPANDA LP > YLDY Staking
619889051,Algofi,DPANDA/ALGO Pool
620592786,Yieldly,Unknown YLDY/CRSD App
620601402,Yieldly,YLDY/CRSD LP > YLDY Staking
620995314,Pact,31566704/ALGO Liquidity Pool
621155705,Pact,300208676/ALGO Liquidity Pool
621226880,Pact,465865291/ALGO Liquidity Pool
621252819,Pact,226265212/ALGO Liquidity Pool
621289049,Pact,470842789/ALGO Liquidity Pool
621960148,Pact,297995609/ALGO Liquidity Pool
622674296,Algofi,goETH/Choice Liquidity Pool
624032309,Algofi,BOARD/ALGO Liquidity Pool
624919018,Yieldly,YLDY > CRSD Staking
624939168,Pact,372666897/ALGO Liquidity Pool
624956175,Algofi,DEFLY/STBL Liquidity Pool
625053603,Yieldly,YLDY > NURD Staking
625087406,Yieldly,YLDY/NURD LP > YLDY Staking
628705194,Pact,444035862/ALGO Liquidity Pool
629626555,Algofi,STBL/YLDY Liquidity Pool
630101978,AlgoFund,ALGF > ALGF Staking
630147266,AlgoFund,ALGF/ALGO LP > ALGF Staking
631172548,Algofi,KFL/ALGO Liquidity Pool
634476613,Algofi,MAGM/ALGO Liquidity Pool
635146381,Pact,287867876/ALGO Liquidity Pool
635256627,Algofi,STBL/XET Liquidity Pool
635812850,Algofi,STBL/XET LP Staking (Market contract)
635813909,Algofi,STBL/XET LP Staking (Manager contract)
635846127,Algofi,STBL/goBTC Liquidity Pool
635853824,Algofi,STBL/goETH Liquidity Pool
635860537,Algofi,STBL-GOBTC (Market contract)
635863793,Algofi,STBL-GOBTC (Manager contract)
635864509,Algofi,STBL-GOETH (Market contract)
635866213,Algofi,STBL-GOETH (Manager contract)
636072212,Algofi,408898501/ALGO Liquidity Pool
637793356,Algofi,STBL/OPUL LP Staking (Market contract)
637795072,Algofi,STBL/OPUL LP Staking (Manager contract)
637801923,Algofi,STBL/OPUL Liquidity Pool
638262233,Algofi,400593267/ALGO Liquidity Pool
639541260,Pact,226701642/ALGO Liquidity Pool
639747119,Algofi,STBL/DEFLY LP Staking (Market contract)
639747739,Algofi,STBL/DEFLY LP Staking (Manager contract)
640481749,Algofi,444035862/ALGO Liquidity Pool
641499935,Algofi,DEFLY > DEFLY Staking(Market contract)
641500474,Algofi,DEFLY > DEFLY Staking (Manager contract)
645869114,Pact,386195940/ALGO Liquidity Pool
646658617,Pact,USDC/USDt Liquidity Pool
647785158,Algofi,STBL/ZONE LP Staking (Market contract)
647785804,Algofi,STBL/ZONE LP Staking (Manager contract)
647799801,Algofi,STBL/ZONE Liquidity Pool
649588853,Tinyman,Staking
658337046,Algofi,STBL/USDC Liquidity Pool
659541613,Pact,USDt/ALGO Liquidity Pool
659677335,Algofi,STBL/USDt Liquidity Pool
659678644,Algofi,USDC/USDt Liquidity Pool
661192413,Algofi,USDC/STBL LP Staking (Market contract)
661193019,Algofi,USDC/STBL LP Staking (Manager contract)
661207804,Algofi,USDC-USDT (Market contract)
661247364,Algofi,USDC-USDT (Manager contract)
661744776,Pact,386192725/ALGO Liquidity Pool
662112435,Pact,31566704/ALGO Liquidity Pool
665087134,Pact,559219992/ALGO Liquidity Pool
667170441,Pact,USDt/ALGO Liquidity Pool
667424705,AlgoFund,ALGF/NURD LP >  Staking
674526408,Algofi,OPUL (Market contract)
674527132,Algofi,OPUL (Manager contract)
675102193,Pact,470842789/ALGO Liquidity Pool
677288079,Pact,DEGEN/ALGO Liquidity Pool
679931593,Algofi,441139422/ALGO Liquidity Pool
680611329,Algofi,goMINT/ALGO Liquidity Pool
681061940,Pact,230946361/ALGO Liquidity Pool
682482359,Pact,441139422/ALGO Liquidity Pool
682942221,Pact,OPUL/USDC Liquidity Pool
686500029,Folks Finance,USDC (Pool)
686500844,Folks Finance,USDt (Pool)
686501760,Folks Finance,goBTC (Pool)
686862190,Folks Finance,USDC (Rewards aggregator)
686875498,Folks Finance,USDt (Rewards aggregator)
686876641,Folks Finance,goBTC (Rewards aggregator)
688675907,Algofi,558978094/ALGO Liquidity Pool
689185988,Folks Finance,Oracle Adapter
689594845,Pact,388502764/ALGO Liquidity Pool
694405065,Folks Finance,goETH (Pool)
694464549,Folks Finance,gALGO3 (Pool)
694505855,Folks Finance,gALGO-USDC Market
694511513,Folks Finance,gALGO-goBTC
695956892,Folks Finance,gALGO-goETH Market
696044550,Folks Finance,goETH (Rewards aggregator)
696203315,Algofi,ROYAL/ALGO Liquidity Pool
697673715,Pact,USDC/ALGO Liquidity Pool
700661782,Folks Finance,Lock & Earn goBTC
700662199,Folks Finance,Lock & Earn goETH
701273050,Pact,USDC/USDt Liquidity Pool
705657303,Algofi,Stability Module (Market contract)
705663269,Algofi,Stability Module (Manager contract)
705672216,AlgoFund,Governance Vote 1
708128650,Yieldly,NURD > NURD Staking
710314682,Algogems,AlgoStake NFT #1 Market
710518651,Yieldly,YLDY > COSG Staking
710537301,Yieldly,COSG/YLDY LP > YLDY Staking
710543830,Yieldly,COSG > COSG (30 Day) Staking
710623418,Pact,VEST/ALGO Liquidity Pool
711293358,Vestige,Tiny > Vest Token Swap
711435607,Pact,700965019/ALGO Liquidity Pool
712061771,Algofi,NIPS/ALGO Liquidity Pool
712065656,Pact,NIPS/ALGO Liquidity Pool
712948097,Pact,YLDY/ALGO Liquidity Pool
714154757,Pact,689171215/ALGO Liquidity Pool
717256390,Yieldly,YLDY > ALCH Staking
717264841,Yieldly,ALCH/YLDY LP > YLDY Staking
724988424,Yieldly,CHOICE/YLDY LP > YLDY Staking
725020782,Yieldly,CHOICE > CHOICE Staking
734103581,AlgoFund,NURD/ALGO LP > NURD Staking
735275136,AlgoFund,OGS > OGS Staking
737840564,Yieldly,YLDY/ALGO LP > YLDY Staking
741022891,Algofi,BBP/ALGO Liquidity Pool
743316099,Yieldly,HDL/YLDY LP > YLDY Staking
747239433,Folks Finance,ALGO/USDC PLP (Pool)
747254560,Folks Finance,ALGO/USDC LP - USDt Market
751028283,Yieldly,COSG > COSG (60 Day) Staking
751285119,Folks Finance,PLANET (Pool)
751347943,Yieldly,YLDY > ASASTATS Staking
751372353,Yieldly,ASASTATS/YLDY LP > YLDY Staking
751459877,Yieldly,ASASTATS > ASASTATS Staking
752132246,Pact,AGR/ALGO Liquidity Pool
754147756,Yieldly,BOARD/YLDY LP > YLDY Staking
760747711,Algofi,Butts/ALGO Liquidity Pool
760823873,Algofi,ALGX/ALGO Liquidity Pool
760937186,NFDomains,Registry
762480142,Yieldly,TREES/YLDY LP > YLDY Staking
764420932,Algofi,STBL/goMINT Liquidity Pool
771891102,Humble Swap,USDC/USDt Liquidity Pool
773172535,Humble Swap,388592191/ALGO Liquidity Pool
776638293,Algofi,553656096/ALGO Liquidity Pool
777623301,Humble Swap,226701642/ALGO Liquidity Pool
777628254,Humble Swap,31566704/ALGO Liquidity Pool
777639704,Humble Swap,312769/ALGO Liquidity Pool
777643671,Humble Swap,287867876/ALGO Liquidity Pool
777657671,Humble Swap,goETH/ALGO Liquidity Pool
777662431,Humble Swap,386192725/ALGO Liquidity Pool
777673635,Humble Swap,509808838/ALGO Liquidity Pool
777747637,Humble Swap,700965019/ALGO Liquidity Pool
778031658,Humble Swap,470842789/ALGO Liquidity Pool
778051470,Humble Swap,467134640/ALGO Liquidity Pool
779141178,Humble Swap,ALGO/STKE Liquidity Pool
779142716,Humble Swap,441139422/ALGO Liquidity Pool
779144473,Humble Swap,310014962/ALGO Liquidity Pool
779146836,Humble Swap,ALGO/COSG Liquidity Pool
779148387,Humble Swap,230946361/ALGO Liquidity Pool
779149552,Humble Swap,300208676/ALGO Liquidity Pool
779181697,Yieldly,YLDY > ALGX Staking
779198429,Yieldly,ALGX > ALGX Staking
779655316,Humble Swap,329110405/ALGO Liquidity Pool
779712918,Humble Swap,553656096/ALGO Liquidity Pool
780420235,Humble Swap,ALGO/ADAO Liquidity Pool
780434326,Humble Swap,283820866/ALGO Liquidity Pool
781760847,Humble Swap,465865291/ALGO Liquidity Pool
783216201,Humble Swap,137594422/ALGO Liquidity Pool
783345603,Humble Swap,523683256/ALGO Liquidity Pool
783997575,Humble Swap,ALGO/DEFLY LP Yield Farm
784136787,Humble Swap,ALGO/VEST LP Yield Farm
784191608,Humble Swap,ALGO/ALCH LP Yield Farm
784327548,Humble Swap,ALGO/ADAO LP Yield Farm
784340682,Humble Swap,ALGO/STKE LP Yield Farm
784536240,Humble Swap,ALGO/goMINT LP Yield Farm
784577700,Humble Swap,LTBX/ALGO Liquidity Pool
787300124,Humble Swap,27165954/ALGO Liquidity Pool
790440838,Humble Swap,684649988/ALGO Liquidity Pool
794419858,Pact,756578163/ALGO Liquidity Pool
794422115,Algofi,756578163/ALGO Liquidity Pool
794422646,Humble Swap,756578163/ALGO Liquidity Pool
794882684,Pact,793124631/ALGO Liquidity Pool
795767355,Pact,USDC/ALGO Liquidity Pool
796188450,Humble Swap,27165954/ALGO Liquidity Pool
800566087,Humble Swap,PWCREDIT/Planets Liquidity Pool
801613881,Pact,684649988/ALGO Liquidity Pool
805140967,Humble Swap,793124631/ALGO Liquidity Pool
805234207,Humble Swap,569120128/ALGO Liquidity Pool
805930289,Humble Swap,805614002/ALGO Liquidity Pool
807238826,Pact,342889824/ALGO Liquidity Pool
807804196,Pact,gALGO/goETH Liquidity Pool
810072531,Humble Swap,714773890/ALGO Liquidity Pool
810984430,Pact,251014570/ALGO Liquidity Pool
810991930,Humble Swap,251014570/ALGO Liquidity Pool
810996104,Humble Swap,393537671/ALGO Liquidity Pool
811067896,Humble Swap,Xoge/ALGO Liquidity Pool
813837623,Algofi,793124631/ALGO Liquidity Pool
817459914,Humble Swap,542132831/ALGO Liquidity Pool
818176933,Algofi,Lending Protocol V2 (Manager contract)
818179346,Algofi,Lending Protocol V2 (Market contract)
818182048,Algofi,Lending Protocol V2 - USDC
818183964,Algofi,Lending Protocol V2 - goBTC
818188286,Algofi,Lending Protocol V2 - goETH
818190205,Algofi,Lending Protocol V2 - USDT
821867970,Humble Swap,607591690/ALGO Liquidity Pool
821882730,Algofi,Staking Protocol V2 - USDC
821882927,Algofi,Staking Protocol V2 - USDT
822571085,Humble Swap,792313023/ALGO Liquidity Pool
829993737,Humble Swap,829992960/ALGO Liquidity Pool
830077792,Humble Swap,BD/USDC Liquidity Pool
830407021,Cometa,META-ALGO LP > META + ALGO
830407371,Cometa,META-ALGO LP > META + ALGO
830407737,Cometa,ASASTATS-ALGO LP > ASASTATS + ALGO
830408082,Cometa,ASASTATS > ASASTATS
830409188,Cometa,KITSU-ALGO LP > KITSU + ALGO
830409842,Cometa,BOARD > BOARD
830410517,Cometa,goMINT-ALGO LP > goMINT + ALGO
830418597,Cometa,GEMS-ALGO LP > GEMS + ALGO
832126051,Humble Swap,342889824/ALGO Liquidity Pool
835609896,Humble Swap,672913181/ALGO Liquidity Pool
840066925,Humble Swap,811721471/ALGO Liquidity Pool
841145020,Algofi,Lending Protocol V2 - STBL2
841194726,Algofi,Lending V2 - STBL2/USDC LP Market
843031269,Humble Swap,393495312/ALGO Liquidity Pool
843061415,Opulous,Staking
847371107,Humble Swap,818432243/ALGO Liquidity Pool
851412236,Cometa,YLDY-ALGO LP > META
851840516,Humble Swap,BD/USDt Liquidity Pool
855256291,Cometa,Tacos-ALGO LP > Tacos + ALGO
855264552,Cometa,Tacos > Tacos
855863555,Cometa,STKE-ALGO LP > META
856165135,Humble Swap,BULO/ALGO Liquidity Pool
856183130,Algofi,Lending V2 - STBL2/ALGO LP Market
856198764,Algofi,STBL2/ALGO Lending Pool Interface
860092495,Cometa,GARD > GARDIAN
860097348,Cometa,GARDIAN > GARDIAN
860140098,Cometa,ASASTATS > ASASTATS
860155355,Cometa,META-ALGO LP > META + ALGO
860722255,Cometa,META-ALGO LP > META + ALGO
860745155,Cometa,xSOL >  XGLI + ALGO
860947723,Cometa,AWT-ALGO LP > AWT
861615968,Cometa,BOARD-ALGO LP > BOARD + ALGO
861736474,Cometa,BOARD > BOARD
862980964,Cometa,META > META
870150391,Algofi,DEX STBL2-goBTC Lending Pool
870271921,Algofi,Lending V2 - STBL2/goBTC LP
870275741,Algofi,Lending V2 - STBL2/goETH LP
870281048,Algofi,STBL2/goBTC Lending Pool Interface
870281567,Algofi,STBL2/goETH Lending Pool Interface
871608980,Pact,DeFi-nite/Meld Gold (g) Liquidity Pool
873772489,Cometa,SUPER > SUPER + ALGO
875394257,Pact,GARDIAN/ALGO Liquidity Pool
878359186,Humble Swap,747635241/ALGO Liquidity Pool
879713518,Cometa,Choice-ALGO LP > Choice + ALGO
879935316,Algofi,Lending Protocol V2 - Vault ALGO Market
880779287,Algofi,DBD/ALGO Liquidity Pool
881966095,Cometa,ALCH > COSG + ALGO
881967378,Cometa,COSG > ALCH + ALGO
883723087,Humble Swap,400593267/ALGO Liquidity Pool
883987716,Cometa,ASAi-ALGO LP > ASAi
885102197,Pact,goUSD/USDC Liquidity Pool
887603482,Humble Swap,452047208/ALGO Liquidity Pool
888157453,Cometa,ALGO-DHARM LP > DHARM
892052090,Cometa,META > META + ALGO
898508474,Cometa,Tacos-ALGO LP > Tacos + ALGO
900652834,Algofi,Rewards Manager App
900653388,Algofi,Governance Admin App
900930380,Algofi,STBL2/BANK Lending Pool Interface
900932886,Algofi,STBL2/BANK Lending Pool Staking
901989273,Humble Swap,GARD/USDC Liquidity Pool
902926332,Cometa,Choice-USDC LP > Choice + ALGO
904757536,Cometa,META-ALGO LP > META + ALGO
904764074,Cometa,META-ALGO LP > META + ALGO
904905133,Humble Swap,TRUST/ALGO Liquidity Pool
905963168,Algofi,BANK/ALGO Liquidity Pool
906655543,Algofi,900652777/ALGO Liquidity Pool
906740444,Pact,900652777/ALGO Liquidity Pool
906746697,Humble Swap,900652777/ALGO Liquidity Pool
909709184,Cometa,ALC > SUPER + ALGO
909710478,Cometa,SUPER > ALC + ALGO
919256704,Cometa,ROYAL-ALGO LP > ROYAL + ALGO
919259605,Cometa,ROYAL > ROYAL + ALGO
919954173,Algofi,USDC/ALGO Lending Pool Interface
919964086,Algofi,USDC/ALGO LP Staking
919964388,Algofi,STBL2/ALGO LP Staking
919965019,Algofi,STBL2/goBTC LP Staking
919965630,Algofi,STBL2/goETH LP Staking
923262693,Humble Swap,NURD/ALGO Liquidity Pool
923833462,Humble Swap,MARTINI/ALGO Liquidity Pool
925511397,Cometa,Dossa-ALGO LP > Dossa + ALGO
928813539,Humble Swap,FRY/ALGO Liquidity Pool
929443361,Cometa,META > META + ALGO
929448791,Cometa,goMINT-ALGO LP > goMINT + ALGO
929761020,Pact,924268058/ALGO Liquidity Pool
929937033,Cometa,TOPG-USDC LP > TOPG
929957590,Cometa,TOPG > TOPG
932308144,SockHodler,Sockbot Staking
933390580,Humble Swap,388502764/ALGO Liquidity Pool
934721794,Cometa,COSG > COSG + ALGO
943884506,Cometa,META-ALGO LP > META
944061114,Cometa,META-USDC LP > META
944500856,Pact,498684064/ALGO Liquidity Pool
945251730,Humble Swap,933973163/ALGO Liquidity Pool
949209670,Deflex,Limit Orders
951618646,CupStakes,Lottery
953426386,Cometa,GROW-ALGO LP > META + ALGO
953446671,Cometa,GROW > META + ALGO
953893778,Cometa,ALGO-xSOL LP > XGLI
954622093,Cometa,ASASTATS > ASASTATS
957304568,Cometa,AWT-ALGO LP > AWT
962381193,Algofi,ALGO/BANK Lending Pool Interface
962407544,Algofi,ALGO/BANK Lending Pool Staking
962847855,Cometa,Choice-USDC LP > Choice + ALGO
962890726,Cometa,Choice > Choice + ALGO
962891098,Humble Swap,511028589/ALGO Liquidity Pool
965278898,Cometa,goBTC-Choice LP > Choice + ALGO
967256326,Cometa,Choice > Choice + ALGO
967289118,Pact,Choice/USDt Liquidity Pool
968537353,Cometa,GROW > USDC + ALGO
971353536,Folks Finance,Deposit App ID
971368268,Folks Finance,Lending V2 - Algo
971370097,Folks Finance,Lending V2 - gALGO
971372237,Folks Finance,Lending V2 - USDC
971373361,Folks Finance,Lending V2 - goBTC
971373611,Folks Finance,Lending V2 - goETH
971388781,Folks Finance,Lending V2 - General
975484709,Cometa,Dossa-ALGO LP > Dossa
975485279,Cometa,Dossa > Dossa
978389296,Cometa,ALCH-ALGO LP > AGOLD + ALGO
978393877,Pact,Choice/USDC Liquidity Pool
985089418,Pact,793124631/ALGO Liquidity Pool
995479793,Cometa,HDL-ALGO LP > HDL
996512530,Cometa,STAR-ALGO LP > META + ALGO
