ID,name,unit name,decimals
1000168841,1000168841,1000168841,6
1000169600,1000169600,1000169600,6
1000870705,Treats,TRTS,1
1002583912,TinymanPool2.0 STBL-ALGO,STBL/ALGO LP Token,6
1002585637,TinymanPool2.0 OPUL-ALGO,OPUL/ALGO LP Token,6
1002587235,TinymanPool2.0 USDt-ALGO,USDt/ALGO LP Token,6
1002587769,TinymanPool2.0 USDC-USDt,TMPOOL2,6
1002588404,TinymanPool2.0 AKTA-ALGO,AKTA/ALGO LP Token,6
1002589184,TinymanPool2.0 Planets-ALGO,Planets/ALGO LP Token,6
1002589719,TinymanPool2.0 YLDY-ALGO,YLDY/ALGO LP Token,6
1002590292,TinymanPool2.0 DEFLY-ALGO,DEFLY/ALGO LP Token,6
1002590888,TinymanPool2.0 USDC-ALGO,USDC/ALGO LP Token,6
1002601206,TinymanPool2.0 goETH-ALGO,goETH/ALGO LP Token,6
1002603415,TinymanPool2.0 goMINT-ALGO,goMINT/ALGO LP Token,6
1002607085,TinymanPool2.0 STKE-ALGO,STKE/ALGO LP Token,6
1002607151,TinymanPool2.0 OCTO-ALGO,OCTO/ALGO LP Token,6
1002608219,TinymanPool2.0 GP-ALGO,GP/ALGO LP Token,6
1002609713,TinymanPool2.0 chip-ALGO,chip/ALGO LP Token,6
1002610909,TinymanPool2.0 SOCKS-ALGO,SOCKS/ALGO LP Token,6
1002615176,TinymanPool2.0 COMMIE-ALGO,COMMIE/ALGO LP Token,6
1002618216,TinymanPool2.0 GEMS-ALGO,GEMS/ALGO LP Token,6
1002618470,TinymanPool2.0 LTBX-ALGO,LTBX/ALGO LP Token,6
1002618579,TinymanPool2.0 AO-ALGO,AO/ALGO LP Token,6
1002619960,TinymanPool2.0 ALGX-ALGO,ALGX/ALGO LP Token,6
1002620640,TinymanPool2.0 ALC-ALGO,ALC/ALGO LP Token,6
1002623489,TinymanPool2.0 pBTC-ALGO,pBTC/ALGO LP Token,6
1002623676,TinymanPool2.0 ASASTATS-ALGO,ASASTATS/ALGO LP Token,6
1002624000,TinymanPool2.0 KANI-ALGO,KANI/ALGO LP Token,6
1002625846,TinymanPool2.0 HDL-ALGO,HDL/ALGO LP Token,6
1002628790,TinymanPool2.0 TREES-ALGO,TREES/ALGO LP Token,6
1002628988,TinymanPool2.0 GMT-ALGO,GMT/ALGO LP Token,6
1002631488,TinymanPool2.0 WBLN-ALGO,WBLN/ALGO LP Token,6
1002632776,TinymanPool2.0 gmtP-ALGO,gmtP/ALGO LP Token,6
1002633452,TinymanPool2.0 gmtC-ALGO,gmtC/ALGO LP Token,6
1002634137,TinymanPool2.0 gmtG-ALGO,gmtG/ALGO LP Token,6
1002634821,TinymanPool2.0 SCOUT-ALGO,SCOUT/ALGO LP Token,6
1002634832,TinymanPool2.0 gmtS-ALGO,gmtS/ALGO LP Token,6
1002635829,TinymanPool2.0 ZENI-ALGO,ZENI/ALGO LP Token,6
1002640244,TinymanPool2.0 ALCH-ALGO,ALCH/ALGO LP Token,6
1002640270,TinymanPool2.0 DUB-ALGO,DUB/ALGO LP Token,6
1002644175,TinymanPool2.0 Vote-ALGO,Vote/ALGO LP Token,6
1002647167,TinymanPool2.0 gALGO-ALGO,gALGO/ALGO LP Token,6
1002650497,TinymanPool2.0 TAKO-ALGO,TAKO/ALGO LP Token,6
1002658226,TinymanPool2.0 AFD-ALGO,AFD/ALGO LP Token,6
1002660598,TinymanPool2.0 $Drakk-ALGO,$Drakk/ALGO LP Token,6
1002661041,TinymanPool2.0 SMILE-ALGO,SMILE/ALGO LP Token,6
1002665779,TinymanPool2.0 XGLI-ALGO,XGLI/ALGO LP Token,6
1002670573,TinymanPool2.0 BANK-ALGO,BANK/ALGO LP Token,6
1002672176,TinymanPool2.0 FRKL-ALGO,FRKL/ALGO LP Token,6
1002672379,TinymanPool2.0 XET-ALGO,XET/ALGO LP Token,6
1002677148,TinymanPool2.0 VEST-ALGO,VEST/ALGO LP Token,6
1002680104,TinymanPool2.0 Butts-ALGO,Butts/ALGO LP Token,6
1002708897,TinymanPool2.0 comand-ALGO,comand/ALGO LP Token,6
1002710258,TinymanPool2.0 FLAMINGO-ALGO,FLAMINGO/ALGO LP Token,6
1002711257,TinymanPool2.0 PARI-ALGO,PARI/ALGO LP Token,6
1002712329,TinymanPool2.0 CRSD-ALGO,CRSD/ALGO LP Token,6
1002714386,TinymanPool2.0 Choice-ALGO,Choice/ALGO LP Token,6
1002716026,TinymanPool2.0 YARN-ALGO,YARN/ALGO LP Token,6
1002716730,TinymanPool2.0 KTNC-ALGO,KTNC/ALGO LP Token,6
1002717371,TinymanPool2.0 goBTC-ALGO,goBTC/ALGO LP Token,6
1002736866,TinymanPool2.0 ACORN-ALGO,ACORN/ALGO LP Token,6
1002742244,TinymanPool2.0 TINY-ALGO,TINY/ALGO LP Token,6
1002743997,TinymanPool2.0 Xoge-ALGO,Xoge/ALGO LP Token,6
1002745900,TinymanPool2.0 MOIST-ALGO,MOIST/ALGO LP Token,6
1002749460,TinymanPool2.0 BULO-ALGO,BULO/ALGO LP Token,6
1002750267,TinymanPool2.0 SHSA-ALGO,SHSA/ALGO LP Token,6
1002754599,TinymanPool2.0 GARD-ALGO,GARD/ALGO LP Token,6
1002759444,TinymanPool2.0 DBD-ALGO,DBD/ALGO LP Token,6
1002775463,TinymanPool2.0 ZONE-ALGO,ZONE/ALGO LP Token,6
1002791485,TinymanPool2.0 BOARD-ALGO,BOARD/ALGO LP Token,6
1002793815,TinymanPool2.0 MCAU-ALGO,TMPOOL2,6
1002813874,TinymanPool2.0 COOK-ALGO,COOK/ALGO LP Token,6
1002838228,TinymanPool2.0 ARCC-ALGO,ARCC/ALGO LP Token,6
1002851262,TinymanPool2.0 AIAL-ALGO,AIAL/ALGO LP Token,6
1002851887,TinymanPool2.0 GHOST-ALGO,GHOST/ALGO LP Token,6
1002852360,TinymanPool2.0 algodots-ALGO,algodots/ALGO LP Token,6
1002868137,TinymanPool2.0 MCOIN-ALGO,MCOIN/ALGO LP Token,6
1002870431,TinymanPool2.0 TRTS-ALGO,TRTS/ALGO LP Token,6
1002985637,TinymanPool2.0 Jimmy-ALGO,Jimmy/ALGO LP Token,6
1002990161,TinymanPool2.0 Dossa-ALGO,Dossa/ALGO LP Token,6
1003017398,TinymanPool2.0 Tacos-ALGO,Tacos/ALGO LP Token,6
1003038537,TinymanPool2.0 AGOLD-ALGO,AGOLD/ALGO LP Token,6
1003050879,TinymanPool2.0 Leaf-ALGO,Leaf/ALGO LP Token,6
1003051400,TinymanPool2.0 Block-ALGO,Block/ALGO LP Token,6
1003060610,TinymanPool2.0 FAME-ALGO,FAME/ALGO LP Token,6
1003103300,TinymanPool2.0 META-ALGO,META/ALGO LP Token,6
1003257596,TinymanPool2.0 KITSU-ALGO,KITSU/ALGO LP Token,6
1003300126,TinymanPool2.0 Finite-ALGO,Finite/ALGO LP Token,6
1003333542,TinymanPool2.0 RUGS-ALGO,RUGS/ALGO LP Token,6
1003392658,TinymanPool2.0 PWCREDIT-ALGO,PWCREDIT/ALGO LP Token,6
1003528609,TinymanPool2.0 AGR-ALGO,AGR/ALGO LP Token,6
1003538799,TinymanPool2.0 SIGN-ALGO,SIGN/ALGO LP Token,6
1003713030,ALGO/Leaf PACT LP Token,Leaf/ALGO LP Token,6
1003798363,TinymanPool2.0 STD-ALGO,STD/ALGO LP Token,6
1003942769,TinymanPool2.0 MAGM-ALGO,MAGM/ALGO LP Token,6
1004023150,TinymanPool2.0 Cujo-ALGO,Cujo/ALGO LP Token,6
1004195640,TinymanPool2.0 BANANA-ALGO,BANANA/ALGO LP Token,6
1004220909,TinymanPool2.0 MemO-ALGO,MemO/ALGO LP Token,6
1004447036,TinymanPool2.0 Dfi-ALGO,Dfi/ALGO LP Token,6
1004533918,TinymanPool2.0 BIRDS-ALGO,BIRDS/ALGO LP Token,6
1005174737,TinymanPool2.0 OMNI-ALGO,OMNI/ALGO LP Token,6
1005270552,TinymanPool2.0 AGNR-ALGO,AGNR/ALGO LP Token,6
1006275076,TinymanPool2.0 NRPGC-ALGO,NRPGC/ALGO LP Token,6
1006312222,TinymanPool2.0 PLCN-ALGO,PLCN/ALGO LP Token,6
1006461383,TinymanPool2.0 RDINI-ALGO,RDINI/ALGO LP Token,6
1006938120,TinymanPool2.0 XUT-ALGO,XUT/ALGO LP Token,6
1007481896,TinymanPool2.0 PDAT-ALGO,PDAT/ALGO LP Token,6
1007795451,TinymanPool2.0 MTRX-ALGO,MTRX/ALGO LP Token,6
1008142598,TinymanPool2.0 ROYAL-ALGO,ROYAL/ALGO LP Token,6
1008149456,TinymanPool2.0 GRAD-ALGO,GRAD/ALGO LP Token,6
1008153152,TinymanPool2.0 VYBE-ALGO,VYBE/ALGO LP Token,6
1009078085,Tinygear,tnygear,0
1009373015,TinymanPool2.0 MADIBA-ALGO,MADIBA/ALGO LP Token,6
1009732731,TinymanPool2.0 EXP-ALGO,EXP/ALGO LP Token,6
1010140839,Baby Governor,babygov5,0
1010208883,TinymanPool2.0 FRY-ALGO,FRY/ALGO LP Token,6
1010268790,TinymanPool2.0 BD-ALGO,BD/ALGO LP Token,6
1010358655,TinymanPool2.0 SVANSY-ALGO,SVANSY/ALGO LP Token,6
1010479351,TinymanPool2.0 RIO-ALGO,RIO/ALGO LP Token,6
1010744840,TinymanPool2.0 DPANDA-ALGO,DPANDA/ALGO LP Token,6
1010762573,TinymanPool2.0 PRSMS-ALGO,PRSMS/ALGO LP Token,6
1010838509,Acid Toke,$Tokes,0
1011429525,Humble Swap - TRTS/ALGO LP Token,TRTS/ALGO LP Token,6
1012349086,TinymanPool2.0 ROOBZ-ALGO,ROOBZ/ALGO LP Token,6
1012881894,TinymanPool2.0 DEATHOS-ALGO,DEATHOS/ALGO LP Token,6
1013318984,TinymanPool2.0 AWT-ALGO,AWT/ALGO LP Token,6
1013378713,Tokenizing Start Ups,TSU,2
1013581183,TinymanPool2.0 xUSD-ALGO,xUSD/ALGO LP Token,6
1013729713,USDC/xUSD [SI] PACT LP TKN,SIPLP,6
1015473270,TinymanPool2.0 TSU-ALGO,TSU/ALGO LP Token,6
1017284319,TinymanPool2.0 IAQ-ALGO,IAQ/ALGO LP Token,6
1019910915,ALGO/GOLD$ PACT LP Token,PLP,6
1021078868,TinymanPool2.0 GRASS-ALGO,GRASS/ALGO LP Token,6
1023434045,Bear Heart Entertainment,BHRT,0
1023443768,TinymanPool2.0 BHRT-ALGO,BHRT/ALGO LP Token,6
1024922832,AIINU,AIINU,0
1024923303,TinymanPool2.0 AIINU-ALGO,AIINU/ALGO LP Token,6
1025730335,TinymanPool2.0 OMGA-ALGO,OMGA/ALGO LP Token,6
1027705550,TinymanPool2.0 DHARM-ALGO,DHARM/ALGO LP Token,6
1027711082,TinymanPool2.0 BUY-ALGO,BUY/ALGO LP Token,6
1028425722,TinymanPool2.0 WCT-ALGO,WCT/ALGO LP Token,6
1028682102,TinymanPool2.0 WORMHOLE-ALGO,WORMHOLE/ALGO LP Token,6
1029725590,Growling Bear Coin,RAWR,6
1029727290,TinymanPool2.0 RAWR-ALGO,RAWR/ALGO LP Token,6
1029804829,Flux,FLUX,8
1032392661,TinymanPool2.0 FJB-ALGO,FJB/ALGO LP Token,6
1033420734,TinymanPool2.0 Algonaut-ALGO,Algonaut/ALGO LP Token,6
1033426217,TinymanPool2.0 DP69-ALGO,DP69/ALGO LP Token,6
1034994881,One,ONE,10
1035202568,TinymanPool2.0 Rapes-ALGO,Rapes/ALGO LP Token,6
1035899249,KOC,KC,1
1035933971,TinymanPool2.0 KC-ALGO,KC/ALGO LP Token,6
1035970481,Alternative Building Materials,ABM,0
1035973178,TinymanPool2.0 ABM-ALGO,ABM/ALGO LP Token,6
1036046397,TinymanPool2.0 RCOIN-ALGO,RCOIN/ALGO LP Token,6
1036120453,TinymanPool2.0 TLP-ALGO,TLP/ALGO LP Token,6
1036850726,TinymanPool2.0 NURD-ALGO,NURD/ALGO LP Token,6
1037125809,A Beast called Algo,ABCA,6
1037562412,Humble Swap - AIINU/ALGO LP Token,AIINU/ALGO LP Token,6
1039765224,TinymanPool2.0 $Tokes-ALGO,$Tokes/ALGO LP Token,6
1039986749,Friend Fish,FISH,0
1044269355,Folks V2 Opulous,fOPUL,10
1044455185,TinymanPool2.0 ONE-ALGO,ONE/ALGO LP Token,6
1044463944,TinymanPool2.0 ABCA-ALGO,ABCA/ALGO LP Token,6
1045677043,Algorand Hodl Token,AHT,6
1047195473,TinymanPool2.0 MESX-ALGO,MESX/ALGO LP Token,6
1047374379,TinymanPool2.0 AHT-ALGO,AHT/ALGO LP Token,6
1048394327,Humble Swap - Butts/ALGO LP Token,Butts/ALGO LP Token,6
1049108376,Humble Swap - ABCA/ALGO LP Token,ABCA/ALGO LP Token,6
1051054686,TinymanPool2.0 FLUX-ALGO,FLUX/ALGO LP Token,6
1052723301,TinymanPool2.0 ICE-ALGO,ICE/ALGO LP Token,6
1053106470,Warp & Weft [Quarter 1 2023],WW-Q1-23,0
1053260256,Glizzy Financial üå≠,GLIZZY,6
1054235481,Midwest Fun Stuff,MFS,2
1054801592,Board,BRD,6
1055191612,TinymanPool2.0 MFS-ALGO,MFS/ALGO LP Token,6
1056356213,TinymanPool2.0 FISH-ALGO,FISH/ALGO LP Token,6
1056360328,TinymanPool2.0 BRD-ALGO,BRD/ALGO LP Token,6
1056720965,BPM,BPM,0
1058552324,TinymanPool2.0 Inches -ALGO,Inches /ALGO LP Token,6
1058926737,Wrapped BTC,WBTC,8
1058934626,goBTC/WBTC [SI] PACT LP TKN,SIPLP,6
1058935051,goETH/WETH [SI] PACT LP TKN,SIPLP,6
1060587336,Folks V2 GARD,fGARD,6
1060831964,MicroAlgo,mALGO,2
1060917685,Humble Swap - mALGO/ALGO LP Token,mALGO/ALGO LP Token,6
1065092715,Cosmic Gold,COSG,6
1066698547,Peaches,PCHY,6
1067295154,Folks V2 Wrapped BTC,fWBTC,8
1067295558,Folks V2 Wrapped Ether,fWETH,8
1069377330,TinymanPool2.0 GLIZZY-ALGO,GLIZZY/ALGO LP Token,6
1070286843,TinymanPool2.0 BT-ALGO,BT/ALGO LP Token,6
1072449804,TinymanPool2.0 TEAR-ALGO,TEAR/ALGO LP Token,6
1072948748,ALGO/goMINT PACT LP Token,goMINT/ALGO LP Token,6
1073557313,ALGO/USDC PACT LP Token,USDC/ALGO LP Token,6
1073558659,ALGO/DEFLY PACT LP Token,DEFLY/ALGO LP Token,6
1073568065,ALGO/OPUL PACT LP Token,OPUL/ALGO LP Token,6
1073570818,GOLD$/goUSD PACT LP Token,PLP,6
1073876536,MiniUSDC,mUSDC,2
1073877665,ALGOBITCOIN,ABTC,2
1073975759,TinymanPool2.0 ABTC-ALGO,ABTC/ALGO LP Token,6
1074012430,TinymanPool2.0 mUSDC-ALGO,mUSDC/ALGO LP Token,6
1074017979,Humble Swap - mUSDC/ALGO LP Token,mUSDC/ALGO LP Token,6
1074073292,ALGO/chip PACT LP Token,chip/ALGO LP Token,6
1074135795,TinymanPool2.0 PCHY-ALGO,PCHY/ALGO LP Token,6
1074140610,ALGO/Finite PACT LP Token,Finite/ALGO LP Token,6
1074982814,ALGO/goBTC PACT LP Token,goBTC/ALGO LP Token,6
1075354885,ALGO/VYBE PACT LP Token,VYBE/ALGO LP Token,6
1075389133,ALGO/Vote PACT LP Token,Vote/ALGO LP Token,6
1075397415,ALGO/Vote PACT LP Token,Vote/ALGO LP Token,6
1076049171,ALGO/goETH PACT LP Token,goETH/ALGO LP Token,6
1076301653,ALGO/GARD PACT LP Token,GARD/ALGO LP Token,6
1076332142,ALGO/VEST PACT LP Token,VEST/ALGO LP Token,6
1076447847,ALGO/USDC PACT LP Token,USDC/ALGO LP Token,6
1076768277,Terminator Token ,Skynet,6
1077130546,Algorand City Block,c-block,0
1077256563,TinymanPool2.0 COSG-ALGO,COSG/ALGO LP Token,6
1077340917,ALGO/GOLD$ PACT LP Token,GOLD$/ALGO LP Token,6
1079494824,TinymanPool2.0 DC-ALGO,DC/ALGO LP Token,6
1079689218,ALGO/LTBX PACT LP Token,LTBX/ALGO LP Token,6
1079941813,Humble Swap - MADIBA/ALGO LP Token,MADIBA/ALGO LP Token,6
1081347805,TinymanPool2.0 ASAi-ALGO,ASAi/ALGO LP Token,6
1081693662,ALGO/algodots PACT LP Token,algodots/ALGO LP Token,6
1081974597,goUSD/xUSD [SI] PACT LP TKN,SIPLP,6
1082562456,ALGO/MCAU PACT LP Token,PLP,6
1082563212,MCAU/GOLD$ PACT LP Token,PLP,6
1082757378,SILVER$/goUSD PACT LP Token,PLP,6
1083292265,ALGO/Tacos PACT LP Token,Tacos/ALGO LP Token,6
1083702582,Humble Swap - COSG/ALGO LP Token,COSG/ALGO LP Token,6
1083983281,TinymanPool2.0 Skynet-ALGO,Skynet/ALGO LP Token,6
1084097432,TinymanPool2.0 Hidalgos-ALGO,Hidalgos/ALGO LP Token,6
1084145611,ALGO/COSG PACT LP Token,COSG/ALGO LP Token,6
1084262002,ALGO/SILVER$ PACT LP Token,SILVER$/ALGO LP Token,6
1085902497,TinymanPool2.0 NT-ALGO,NT/ALGO LP Token,6
1087447104,goMINT/goUSD PACT LP Token,PLP,6
1087708151,ALGO/XET PACT LP Token,XET/ALGO LP Token,6
1087725101,ALGO/XET PACT LP Token,XET/ALGO LP Token,6
1088771340,Dark Coin,DARKCOIN,6
1089925855,PepeGensler,PGen,4
1089932028,TinymanPool2.0 PGen-ALGO,PGen/ALGO LP Token,6
1090494627,ALGO/KC PACT LP Token,KC/ALGO LP Token,6
1091551287,goUSD/gALGO PACT LP Token,PLP,6
1094754876,ALGO/ABCA PACT LP Token,ABCA/ALGO LP Token,6
1094924718,CryptoAndzaans Community Token,CA,8
1095852106,NotPEPE,NPEPE,0
1095852624,TinymanPool2.0 NPEPE-ALGO,NPEPE/ALGO LP Token,6
1095885524,Humble Swap - NPEPE/ALGO LP Token,NPEPE/ALGO LP Token,6
1096015467,Pepe,PEPE,4
1096122915,goETH/PEPE PACT LP Token,PLP,6
1096178705,TinymanPool2.0 PEPE-ALGO,PEPE/ALGO LP Token,6
1096302088,Drunk Baby ,Shots,5
1096303115,TinymanPool2.0 Shots-ALGO,Shots/ALGO LP Token,6
1096496876,ALGO/PEPE PACT LP Token,PEPE/ALGO LP Token,6
1097594711,Green Dick Pepe,bigdpepe,0
1098616344,GLIZZY PEPE,GPEPE,6
1099533497,Tendies Token,Tendies,4
1099563753,goUSD/PEPE PACT LP Token,PLP,6
1099573992,TinymanPool2.0 Tendies-ALGO,Tendies/ALGO LP Token,6
1099642259,This Is Fine,FINE,3
1101885456,ALGO/GOLD$ PACT LP Token,PLP,6
1102381494,TinymanPool2.0 FINE-ALGO,FINE/ALGO LP Token,6
1102386267,Humble Swap - FINE/ALGO LP Token,FINE/ALGO LP Token,6
1102387050,ALGO/FINE PACT LP Token,FINE/ALGO LP Token,6
1103290813,TinymanPool2.0 DARKCOIN-ALGO,DARKCOIN/ALGO LP Token,6
1103395709,TinymanPool2.0 COOP-ALGO,COOP/ALGO LP Token,6
1103395824,ALGO/COOP PACT LP Token,COOP/ALGO LP Token,6
1103399268,TinymanPool2.0 PEPE-COOP,TMPOOL2,6
1105062628,HellBender 392 Scott VA,OTSDHBVA,6
1106522659,TinymanPool2.0 GOLD$-ALGO,GOLD$/ALGO LP Token,6
1106911370,NeoTokyo,NYT,0
1106911563,TinymanPool2.0 NYT-ALGO,NYT/ALGO LP Token,6
1107424865,Amina Coin,Amina ,8
1107438363,TinymanPool2.0 Amina -ALGO,Amina /ALGO LP Token,6
1108083698,TinymanPool2.0 COOP-goBTC,TMPOOL2,6
1108722159,TinymanPool2.0 OTSDHBVA-ALGO,OTSDHBVA/ALGO LP Token,6
1109154387,TinymanPool2.0 COOP-AKTA,TMPOOL2,6
1109207903,ALGO/ALGX PACT LP Token,ALGX/ALGO LP Token,6
1109595392,Graffe,Graffe,0
1110259284,Pepe Ghost,PEPEG,0
1110263352,TinymanPool2.0 PEPEG-ALGO,PEPEG/ALGO LP Token,6
1110355166,ALGO/DBD PACT LP Token,DBD/ALGO LP Token,6
1110462141,TinymanPool2.0 DGL-ALGO,DGL/ALGO LP Token,6
1110901083,Norm Macdonald,Normies,10
1110907401,TinymanPool2.0 Normies-ALGO,Normies/ALGO LP Token,6
1111437294,The Void,VOID,2
1111956095,TinymanPool2.0 GPEPE-ALGO,GPEPE/ALGO LP Token,6
1112019376,TinymanPool2.0 PlatJub-ALGO,PlatJub/ALGO LP Token,6
1113078772,PEEPEE,PEEPEE,0
1114942423,John Woods,WOOD,6
1115013707,TinymanPool2.0 COOP-goETH,TMPOOL2,6
1116319755,BLUE ORDINALS,ORDINALS,8
1116366351,fALGO/fgALGO PACT LP Token,PLP,6
1116367266,fALGO/fWBTC PACT LP Token,PLP,6
1116369910,fALGO/fWETH PACT LP Token,PLP,6
1116372023,fALGO/fGARD PACT LP Token,PLP,6
1116744136,TinymanPool2.0 COOP-GOLD$,TMPOOL2,6
1116752736,TinymanPool2.0 REVO-ALGO,REVO/ALGO LP Token,6
1116886479,Humble Swap - PEPE/ALGO LP Token,PEPE/ALGO LP Token,6
1116983034,Staci's Mom,GOING ON,1
1117029158,TinymanPool2.0 ORDINALS-ALGO,ORDINALS/ALGO LP Token,6
1117531782,TinymanPool2.0 WOOD-ALGO,WOOD/ALGO LP Token,6
1118067921,ALGO/WOOD PACT LP Token,WOOD/ALGO LP Token,6
1118358795,ALGO/OTSDHBVA PACT LP Token,OTSDHBVA/ALGO LP Token,6
1118456851,Knead,KND,0
1118579566,TinymanPool2.0 GOING ON-ALGO,GOING ON/ALGO LP Token,6
1118650413,GOLD$/SILVER$ PACT LP Token,PLP,6
1118684306,Nigerian Strongman Dollars,NSmD,4
1118685105,TinymanPool2.0 NSmD-ALGO,NSmD/ALGO LP Token,6
1118723867,Amelia 1310 Wetland Bank VA,OTSDAML,6
1118904346,Skye Coin,SKYE,0
1118955602,TinymanPool2.0 SKYE-ALGO,SKYE/ALGO LP Token,6
1119479935,Leejit says Hi,Hi,0
1119547358,TinymanPool2.0 KND-ALGO,KND/ALGO LP Token,6
1119663977,Beaver loves you,$beav,4
1119722936,The High Community ,THC,0
1119745033,TinymanPool2.0 VOID-ALGO,VOID/ALGO LP Token,6
1119822220,TinymanPool2.0 THC-ALGO,THC/ALGO LP Token,6
1120224058,TinymanPool2.0 REX -ALGO,REX /ALGO LP Token,6
1120347588,Humble Swap - THC/ALGO LP Token,THC/ALGO LP Token,6
1120782911,TinymanPool2.0 BigHugs-ALGO,BigHugs/ALGO LP Token,6
1121099519,TENT,TENT,3
1121929542,TinymanPool2.0 $beav-ALGO,$beav/ALGO LP Token,6
1121984467,TinymanPool2.0 TENT-ALGO,TENT/ALGO LP Token,6
1122487441,Algorand MainNet 4 Years Old,4YrsALGO,0
1122494003,Fungi,FNG,5
1122945672,ALGO/THC PACT LP Token,THC/ALGO LP Token,6
1123060760,ALGO/KND PACT LP Token,KND/ALGO LP Token,6
1124453622,CONCH BAHAMAS,CONCH,6
1124915436,Wind,WIND,3
1124919711,TinymanPool2.0 WIND-ALGO,WIND/ALGO LP Token,6
1125005351,TinymanPool2.0 OTSDAML-ALGO,OTSDAML/ALGO LP Token,6
1127310252,TinymanPool2.0 GRAMO-ALGO,GRAMO/ALGO LP Token,6
1127347774,Diplomaticos,DIPL,0
1127402742,TinymanPool2.0 DIPL-ALGO,DIPL/ALGO LP Token,6
1129076446,SILVER$/xUSD PACT LP Token,PLP,6
1129082916,GOLD$/xUSD PACT LP Token,PLP,6
1129173576,ALGO/ASASTATS PACT LP Token,ASASTATS/ALGO LP Token,6
1129409022,TinymanPool2.0 SILVER$-GOLD$,TMPOOL2,6
1129735402,Rainbow,RAINB,5
1129735753,TinymanPool2.0 RAINB-ALGO,RAINB/ALGO LP Token,6
1130414707,Get Fucked,GF,0
1131078584,TinymanPool2.0 GF-ALGO,GF/ALGO LP Token,6
1131427236,Day By Day V2,DBD,6
1131694165,ALGO/FINE PACT LP Token,FINE/ALGO LP Token,6
1131884999,ALGO/USDC PACT LP Token,USDC/ALGO LP Token,6
1132495023,TinymanPool2.0 COOP-META,TMPOOL2,6
1134715226,Asset Coin,Asset,2
1134719348,TinymanPool2.0 Asset-ALGO,Asset/ALGO LP Token,6
1137595322,TinymanPool2.0 xUSD-USDC,TMPOOL2,6
1137914709,ALGO/EXP PACT LP Token,EXP/ALGO LP Token,6
1138387599,ALGO/BigHugs PACT LP Token,BigHugs/ALGO LP Token,6
1138500612,GORA,GORA,9
1138709032,Rouble,RUB,0
1138709201,TinymanPool2.0 RUB-ALGO,RUB/ALGO LP Token,6
1139160943,ALGO/WORMHOLE PACT LP Token,WORMHOLE/ALGO LP Token,6
1140008468,TinymanPool2.0 mALGO-ALGO,mALGO/ALGO LP Token,6
1140524752,Akita Omnigem 0393,AOG0393,0
1140938328,POAF | Proof of Algo Fam    ,PLAUS,0
1141259202,CYBER,CYüíÄ,4
1142106053,TinymanPool2.0 GORA-ALGO,GORA/ALGO LP Token,6
1142163394,Humble Swap - GORA/ALGO LP Token,GORA/ALGO LP Token,6
1143148540,TinymanPool2.0 GORA-COOP,TMPOOL2,6
1144340594,GAS,GAS,6
1144469750,ALGO/DBD PACT LP Token,DBD/ALGO LP Token,6
1146067878,GOLD$/SILVER$ PACT LP Token,PLP,6
1146368785,TinymanPool2.0 FACTR-ALGO,FACTR/ALGO LP Token,6
1146574886,goUSD/COOP PACT LP Token,PLP,6
1148225020,OTSD Regen AG LP investment,RegenAg,6
1148873153,TinymanPool2.0 RegenAg-ALGO,RegenAg/ALGO LP Token,6
1151469558,ALGO/gALGO PACT LP Token,gALGO/ALGO LP Token,6
1152109334,Khaaaa Coin,KHAAA,0
1152115099,TinymanPool2.0 KHAAA-ALGO,KHAAA/ALGO LP Token,6
1153730486,TinymanPool2.0 PESOS-ALGO,PESOS/ALGO LP Token,6
1154129300,TinymanPool2.0 GAS-ALGO,GAS/ALGO LP Token,6
1156097419,FFCC00 COIN,FFCC00,0
1160125840,ALGO/SKYE PACT LP Token,SKYE/ALGO LP Token,6
1163073292,Quantum.Ai,QNTM,0
1163075935,TinymanPool2.0 QNTM-ALGO,QNTM/ALGO LP Token,6
1163259470,Maple Token,MPL,8
1163575983,Algorand AlgoFam are the bes,PLAUS,0
1163602606,TinymanPool2.0 SILVER$-ALGO,SILVER$/ALGO LP Token,6
1164556102,X-NFT,X-NFT,6
1165858263,Humble Swap - $Tokes/ALGO LP Token,$Tokes/ALGO LP Token,6
1166979636,Folks V2 Wrapped AVAX,fWAVAX,8
1166980820,Folks V2 Wrapped SOL,fSOL,8
1166982296,Folks V2 Maple Token,fMPL,8
1167212308,Purrs,PURRS,0
1168244894,TinymanPool2.0 goUSD-GOLD$,TMPOOL2,6
1168245715,TinymanPool2.0 goUSD-SILVER$,TMPOOL2,6
1168246081,TinymanPool2.0 goUSD-goMINT,TMPOOL2,6
1168266897,goMINT/X-NFT PACT LP Token,PLP,6
1168319571,fALGO/fWAVAX PACT LP Token,PLP,6
1168322134,fALGO/fSOL PACT LP Token,PLP,6
1168322913,fALGO/fMPL PACT LP Token,PLP,6
1168747753,TinymanPool2.0 X-NFT-goMINT,TMPOOL2,6
1169658307,Apeiron,APRN,0
1169659765,TinymanPool2.0 APRN-ALGO,APRN/ALGO LP Token,6
1170025422,TinymanPool2.0 LGL-ALGO,LGL/ALGO LP Token,6
1171121447,ALGO/SOL PACT LP Token,PLP,6
1171150976,TinymanPool2.0 WAVAX-ALGO,WAVAX/ALGO LP Token,6
1171223379,ALGO/X-NFT PACT LP Token,X-NFT/ALGO LP Token,6
1171308797,ALGO/APRN PACT LP Token,APRN/ALGO LP Token,6
1171447736,Humble Swap - APRN/ALGO LP Token,APRN/ALGO LP Token,6
1172625811,TinymanPool2.0 ALD-ALGO,ALD/ALGO LP Token,6
1174407275,cryptobogan.algo,NFD,0
1174460887,TinymanPool2.0 PURRS-ALGO,PURRS/ALGO LP Token,6
1178290500,Rollbit Coin,RLB,8
1178391539,TinymanPool2.0 RLB-ALGO,RLB/ALGO LP Token,6
1179190318,Humble Swap - OTSDHBVA/ALGO LP Token,OTSDHBVA/ALGO LP Token,6
1179581097,Peppemint #1789,S1X1789,0
1179609701,Peppemint #1034,S1X1034,0
1179677660,Peppemint #117,S1X117,0
1179685195,Peppemint #634,S1X634,0
1179694747,Peppemint #878,S1X878,0
1180061600,ALGO/EXP PACT LP Token,EXP/ALGO LP Token,6
1182123607,Fiya,FIYA,6
1182124973,F!ya,F!ya,6
1182176914,TinymanPool2.0 F!ya-ALGO,F!ya/ALGO LP Token,6
1182620971,Mercury Index,MIT,3
1182625752,TinymanPool2.0 MIT-ALGO,MIT/ALGO LP Token,6
1183459156,goBTC/xUSD PACT LP Token,PLP,6
1183459461,goETH/xUSD PACT LP Token,PLP,6
1183460546,ALGO/xUSD PACT LP Token,PLP,6
1183554043,AlgoCard,CARD,3
1183560324,TinymanPool2.0 CARD-ALGO,CARD/ALGO LP Token,6
1184547068,SharpHawkservice,SHS,9
1184564178,TinymanPool2.0 SHS-ALGO,SHS/ALGO LP Token,6
1185173782,mALGO,mALGO,6
1185313178,Humble Swap - COSG/ALGO LP Token,COSG/ALGO LP Token,6
1185346890,APESTEEL,STEEL,8
1185668448,TinymanPool2.0 STEEL-ALGO,STEEL/ALGO LP Token,6
1187599464,Shaggy inu,SHI,8
1187907237,TinymanPool2.0 xUSD-goBTC,TMPOOL2,6
1187908029,TinymanPool2.0 xUSD-goETH,TMPOOL2,6
1188218641,TinymanPool2.0 SHI-ALGO,SHI/ALGO LP Token,6
1188287738,CBDC ScamCoin,BAG,0
1188788265,TinymanPool2.0 AACC-ALGO,AACC/ALGO LP Token,6
1189552380,OTSDLUKENS,OTSDLKNS,6
1189911961,TinymanPool2.0 mALGO-ALGO,mALGO/ALGO LP Token,6
1189912525,TinymanPool2.0 mALGO-gALGO,TMPOOL2,6
1189991468,ALGO/mALGO PACT LP Token,PLP,6
1190119800,TinymanPool2.0 OTSDLKNS-ALGO,OTSDLKNS/ALGO LP Token,6
1191737218,TinymanPool2.0 EURS-ALGO,EURS/ALGO LP Token,6
1194470385,$THICC,THICC,0
1194846836,TinymanPool2.0 FIYA-ALGO,FIYA/ALGO LP Token,6
1200094857,ChainLink Token,LINK,8
1202709855,ALGO/Choice PACT LP Token,Choice/ALGO LP Token,6
1202790544,TinymanPool2.0 WBTC-ALGO,WBTC/ALGO LP Token,6
1202790943,TinymanPool2.0 WETH-ALGO,WETH/ALGO LP Token,6
1202874889,ALGO/MADIBA PACT LP Token,MADIBA/ALGO LP Token,6
1203016352,TinymanPool2.0 CONCH-ALGO,CONCH/ALGO LP Token,6
1203102678,TinymanPool2.0 CYüíÄ-ALGO,CYüíÄ/ALGO LP Token,6
1203961321,Humble Swap - FIYA/ALGO LP Token,FIYA/ALGO LP Token,6
1204611149,hot.cryptobogan.algo,NFD,0
1205505223,TinymanPool2.0 CA-ALGO,CA/ALGO LP Token,6
1205563906,TinymanPool2.0 THICC-ALGO,THICC/ALGO LP Token,6
1205777064,ALGO/BAG PACT LP Token,BAG/ALGO LP Token,6
1205778539,Humble Swap - BAG/ALGO LP Token,BAG/ALGO LP Token,6
1205779313,TinymanPool2.0 BAG-ALGO,BAG/ALGO LP Token,6
1205810615,ALGO/mALGO [SI] PACT LP TKN,mALGO/ALGO LP Token,6
1210836938,TinymanPool2.0 xUSD-EURS,TMPOOL2,6
1211038564,Humble Swap - PURRS/ALGO LP Token,PURRS/ALGO LP Token,6
1213116662,Humble Swap - GOLD$/ALGO LP Token,GOLD$/ALGO LP Token,6
1214241258,xUSD/X-NFT PACT LP Token,PLP,6
1216437148,Folks V2 ChainLink Token,fLINK,8
1216477537,ALGO/SHS PACT LP Token,SHS/ALGO LP Token,6
1217112832,fALGO/fLINK PACT LP Token,PLP,6
1217302022,LOTTO RACE,LOTTOR,6
1218696874,Humble Swap - SHS/ALGO LP Token,SHS/ALGO LP Token,6
1223338392,Coopa Troopa #201,S2X201,0
1223352574,Coopa Troopa #463,S2X463,0
1223411221,Coopa Troopa #1550,S2X1550,0
1223561229,Coopa Troopa #2174,S2X2174,0
1223602238,Coopa Troopa #2548,S2X2548,0
1223632161,Coopa Troopa #2943,S2X2943,0
1224151122,TinymanPool2.0 SOL-ALGO,SOL/ALGO LP Token,6
1227773811,TinymanPool2.0 INUMOO-ALGO,INUMOO/ALGO LP Token,6
1231325798,EDUCATION BLOCKS,BLOCK,6
1231404137,TinymanPool2.0 BLOCK-ALGO,BLOCK/ALGO LP Token,6
1233471765,Dollars General Coin,DGEN,0
1233511257,TinymanPool2.0 DGEN-ALGO,DGEN/ALGO LP Token,6
1236621800,Humble Swap - algodots/ALGO LP Token,algodots/ALGO LP Token,6
1237529510,Polkagold,PGOLD,7
1237530024,TinymanPool2.0 PGOLD-ALGO,PGOLD/ALGO LP Token,6
1237937366,TinymanPool2.0 Inu-ALGO,Inu/ALGO LP Token,6
1239686098,ALGO/WAVAX PACT LP Token,PLP,6
1239694958,ALGO/LINK PACT LP Token,PLP,6
1241006438,Notameme,NAM,5
1241729801,TinymanPool2.0 CC-ALGO,CC/ALGO LP Token,6
1241885099,TinymanPool2.0 NAM-ALGO,NAM/ALGO LP Token,6
1241944285,Gold,Gold,6
1241945177,GoldDAO,GoldDAO,6
1244947363,ALGO/Gold PACT LP Token,Gold/ALGO LP Token,6
1244948949,ALGO/GoldDAO PACT LP Token,GoldDAO/ALGO LP Token,6
1245322723,Labrador,Labrador,2
1245496513,TinymanPool2.0 Labrador-ALGO,Labrador/ALGO LP Token,6
1245526394,Humble Swap - Labrador/ALGO LP Token,Labrador/ALGO LP Token,6
1245740466,TinymanPool2.0 LOTTOR-ALGO,LOTTOR/ALGO LP Token,6
1246622681,ALGO/SKYE PACT LP Token,SKYE/ALGO LP Token,6
1249013491,Humble Swap - NAM/ALGO LP Token,NAM/ALGO LP Token,6
1249581181,Wrapped BNB,WBNB,8
1255493254,BoomBox,BB,8
1257876760,ALGO/PDAT PACT LP Token,PDAT/ALGO LP Token,6
1258524377,Folks V2 Meld Gold (g),fGOLD$,6
1258524381,Folks V2 Meld Silver (g),fSILVER$,6
1258807444,fALGO/fGOLD$ PACT LP Token,PLP,6
1258808818,fALGO/fSILVER$ PACT LP Token,PLP,6
1261011241,Apeiron 2.0,APRN2.0,0
1261022841,TinymanPool2.0 APRN2.0-ALGO,APRN2.0/ALGO LP Token,6
1261486805,EURS/xUSD PACT LP Token,PLP,6
1261500179,Humble Swap - APRN2.0/ALGO LP Token,APRN2.0/ALGO LP Token,6
1261952433,Peperium,Peps,6
1262355871,Harvest seeds ,Hsed,2
1262513667,TinymanPool2.0 LINK-ALGO,LINK/ALGO LP Token,6
1264329436,ALGO/WBTC PACT LP Token,WBTC/ALGO LP Token,6
1265963787,TinymanPool2.0 WBNB-ALGO,WBNB/ALGO LP Token,6
1265975021,NIKO,NIKO,6
1268830233,Daffi Reward,DAFFIR,6
1269245050,Humble Swap - CARD/ALGO LP Token,CARD/ALGO LP Token,6
1270358803,üçäüçäüçäüçä,4ORANGES,10
1271724695,TinymanPool2.0 4ORANGES-ALGO,4ORANGES/ALGO LP Token,6
1273730225,Mac Attack,MAC10,10
1273793974,TinymanPool2.0 MAC10-ALGO,MAC10/ALGO LP Token,6
1274175247,OTSD KINGLAND WALKER CO. ALABAMA,KINGLAND,6
1275370710,SUS,SUS,4
1275371761,TinymanPool2.0 SUS-ALGO,SUS/ALGO LP Token,6
1276274906,TinymanPool2.0 Peps-ALGO,Peps/ALGO LP Token,6
1276321806,TinymanPool2.0 Peps-PEPE,TMPOOL2,6
1276819586,ALGO/Peps PACT LP Token,Peps/ALGO LP Token,6
1276828727,Humble Swap - Peps/ALGO LP Token,Peps/ALGO LP Token,6
1276914872,Orange,ORA,6
1277633086,THE BORG COIN,BORG,6
1277712732,TinymanPool2.0 BORG-ALGO,BORG/ALGO LP Token,6
1279721720,Phantoms,phntm,8
1280304363,ALGO/GoldDAO PACT LP Token,GoldDAO/ALGO LP Token,6
1280311686,TinymanPool2.0 Hsed-ALGO,Hsed/ALGO LP Token,6
1280967195,WAG,WAG,6
1281337865,TinymanPool2.0 NIKO-ALGO,NIKO/ALGO LP Token,6
1281381927,TinymanPool2.0 KINGLAND-ALGO,KINGLAND/ALGO LP Token,6
1281809823,Humble Swap - GAS/ALGO LP Token,GAS/ALGO LP Token,6
1282629552,TinymanPool2.0 AAA-ALGO,AAA/ALGO LP Token,6
1283365871,TinymanPool2.0 WAG-ALGO,WAG/ALGO LP Token,6
1284444444,Orange,ORA,8
1285225688,Barb Coin,Barb,6
1285492943,Arbitraz,ARBZ,6
1285510787,TinymanPool2.0 phntm-ALGO,phntm/ALGO LP Token,6
1285526649,ALGO/ARBZ PACT LP Token,ARBZ/ALGO LP Token,6
1285683351,Wookfi,WOOK,5
1285957225,TinymanPool2.0 WOOK-ALGO,WOOK/ALGO LP Token,6
1289254408,juicor.orange.algo,NFD,0
1289298713,Space,Space,6
1290382533,algowifhat,AWIF,6
1290751153,Dogebarb,XDB,2
1291648424,ALGO/BB PACT LP Token,BB/ALGO LP Token,6
1291654144,pointy.barb.algo,NFD,0
1291706548,TinymanPool2.0 Space-ALGO,Space/ALGO LP Token,6
1291785974,Antimeme,ANTM,5
1291789715,TinymanPool2.0 ANTM-ALGO,ANTM/ALGO LP Token,6
1292205411,TinymanPool2.0 Barb-ALGO,Barb/ALGO LP Token,6
1292214717,TinymanPool2.0 Barb-Peps,TMPOOL2,6
1292219594,TinymanPool2.0 Barb-COOP,TMPOOL2,6
1292972344,TinymanPool2.0 Barb-AKTA,TMPOOL2,6
1294383366,OUTSYDE GLOBAL BVI CORP,OUTSYDE,6
1294765516,TinymanPool2.0 ORA-ALGO,ORA/ALGO LP Token,6
1300975397,üß®,DYME,6
1300982977,TinymanPool2.0 DYME-ALGO,DYME/ALGO LP Token,6
1303981871,TinymanPool2.0 OUTSYDE-ALGO,OUTSYDE/ALGO LP Token,6
1304917154,cryptobogan.recoop.algo,NFD,0
1305843253,ALGO/ARBZ PACT LP Token,ARBZ/ALGO LP Token,6
1306013327,SealsToken ü¶≠,SEALS,4
1330108153,TinymanPool2.0 goUSD-USDt,TMPOOL2,6
1330921298,ALGO/ORA PACT LP Token,ORA/ALGO LP Token,6
1336655079,Juicer Club Membership Card,JUICER,0
1357145488,Humble Swap - ORA/ALGO LP Token,ORA/ALGO LP Token,6
1358422585,TinymanPool2.0 XDB-ALGO,XDB/ALGO LP Token,6
137020565,Buy Token,BUY,2
1370369243,TinymanPool2.0 ARBZ-ALGO,ARBZ/ALGO LP Token,6
137594422,HEADLINE,HDL,6
1376105492,TinymanPool2.0 DAFFIR-ALGO,DAFFIR/ALGO LP Token,6
1378611634,TinymanPool2.0 CUSD-ALGO,CUSD/ALGO LP Token,6
1387094911,Rowdy,RWDY,2
1387097540,TinymanPool2.0 RWDY-ALGO,RWDY/ALGO LP Token,6
1387238831,$GOANNA,GOAN,6
1390638935,MAX COIN,Max,9
1390641680,TinymanPool2.0 Max-ALGO,Max/ALGO LP Token,6
1390817546,ALGO/Max PACT LP Token,Max/ALGO LP Token,6
1392353330,Ponchik,PURR,6
1392374998,Aramid Voitest,voi,6
1394684562,Golden Billion Coin,GBC,6
1394824195,Humble Swap - voi/ALGO LP Token,voi/ALGO LP Token,6
1394854920,TinymanPool2.0 voi-ALGO,voi/ALGO LP Token,6
1395111608,TinymanPool2.0 SEALS-ALGO,SEALS/ALGO LP Token,6
1396152290,xUSD/mALGO PACT LP Token,PLP,6
1399943102,Humble Swap - ROYAL/ALGO LP Token,ROYAL/ALGO LP Token,6
1400068693,TinymanPool2.0 GBC-ALGO,GBC/ALGO LP Token,6
1402290323,ALGO/OUTSYDE PACT LP Token,OUTSYDE/ALGO LP Token,6
1402779878,goMINT/COOP PACT LP Token,PLP,6
1403971453,ALGO/Hsed PACT LP Token,Hsed/ALGO LP Token,6
1413127008,TinymanPool2.0 ORA-NIKO,TMPOOL2,6
1414001092,TinymanPool2.0 AWIF-ALGO,AWIF/ALGO LP Token,6
1417150732,TinymanPool2.0 Pup-ALGO,Pup/ALGO LP Token,6
1418498435,Devils One,D1,0
1418505295,TinymanPool2.0 D1-ALGO,D1/ALGO LP Token,6
1421321088,OG Squad,SQUAD,6
1421326675,TinymanPool2.0 SQUAD-ALGO,SQUAD/ALGO LP Token,6
1422787503,TinymanPool2.0 BPM-ALGO,BPM/ALGO LP Token,6
1423064902,ALGO/BPM PACT LP Token,BPM/ALGO LP Token,6
142838028,ALGO FAM TOKEN,FAME,2
1429323356,TinymanPool2.0 GOAN-ALGO,GOAN/ALGO LP Token,6
1436734827,PIG,PIG,7
1436862596,TinymanPool2.0 PIG-ALGO,PIG/ALGO LP Token,6
143787817,PotatoCoin,Spud,0
1438913021,Vivitoken,VIVI,2
1439488637,TinymanPool2.0 tTacos-ALGO,tTacos/ALGO LP Token,6
1445132644,TinymanPool2.0 PURR-ALGO,PURR/ALGO LP Token,6
1447774422,Satoshi,SAT,0
1447816947,TinymanPool2.0 SAT-ALGO,SAT/ALGO LP Token,6
1450388794,Humble Swap - PURR/ALGO LP Token,PURR/ALGO LP Token,6
1450405658,ALGO/PURR PACT LP Token,PURR/ALGO LP Token,6
1453520040,GARY,GARY,6
1453537471,TinymanPool2.0 GARY-ALGO,GARY/ALGO LP Token,6
1459508661,TRUMPCOIN,TRUMP,0
1459580193,TinymanPool2.0 TRUMP-ALGO,TRUMP/ALGO LP Token,6
1495872483,Tiny,TINY,6
1495878137,TinymanPool2.0 TINY-ALGO,TINY/ALGO LP Token,6
1538843026,Degeneracy,SHAME,6
1542742591,gALGO/ORA PACT LP Token,PLP,6
1553102662,Spondoolicks ,LICKS,3
1553249906,TinymanPool2.0 LICKS-ALGO,LICKS/ALGO LP Token,6
1556906759,TinymanPool2.0 VIVI-ALGO,VIVI/ALGO LP Token,6
1589815481,TinymanPool2.0 SHAME-ALGO,SHAME/ALGO LP Token,6
1613865959,TinymanPool2.0 COO-ALGO,COO/ALGO LP Token,6
1632455558,ALGO/MemO PACT LP Token,MemO/ALGO LP Token,6
163650,Asia Reserve Currency Coin,ARCC,6
1642742254,PiPhi Network Token Official,PiPhiN,0
1643003311,ComeOnu,Come,6
1643242122,STACIWIFHAT ,SWIFHAT,8
1643333342,TinymanPool2.0 SWIFHAT-ALGO,SWIFHAT/ALGO LP Token,6
1651491891,DOGEBOY,DOGB,0
1651493368,TinymanPool2.0 DOGB-ALGO,DOGB/ALGO LP Token,6
1651519046,HYPERCOSM,HYPE,4
1652976975,goBRICS ,goBRICS,4
1655352666,TinymanPool2.0 goBRICS-ALGO,goBRICS/ALGO LP Token,6
1662330340,ALGO/CARD PACT LP Token,CARD/ALGO LP Token,6
1665104412,Alien üëΩ,ALIEN,4
1670795381,TinymanPool2.0 SEALS-META,TMPOOL2,6
1671234093,BOOMERANG,BOOM,8
1673529904,Not Gonna Make It,POOR,4
1673540051,Staci's Mom,SMOM,8
1673574524,TinymanPool2.0 POOR-ALGO,POOR/ALGO LP Token,6
1673745895,TinymanPool2.0 SMOM-ALGO,SMOM/ALGO LP Token,6
1674484158,Algo ETF ,AETF,3
1674826543,TinymanPool2.0 AETF-ALGO,AETF/ALGO LP Token,6
1675310289,TinymanPool2.0 Barb-FACTR,TMPOOL2,6
1679209072,Waifu Coin,Waifus,3
1679547401,TinymanPool2.0 Waifus-ALGO,Waifus/ALGO LP Token,6
1680177785,The Declaration of Independence,geekdad1,0
1682662165,ALGO 200,A200,3
1682846697,WEAREFRIENDS,FRIENDS,2
1682856256,TinymanPool2.0 FRIENDS-ALGO,FRIENDS/ALGO LP Token,6
1682897703,TinymanPool2.0 A200-ALGO,A200/ALGO LP Token,6
1684140388,TinymanPool2.0 VEST-ASASTATS,TMPOOL2,6
1685716785,TinymanPool2.0 BOOM-ALGO,BOOM/ALGO LP Token,6
1691166331,CAT,CAT,6
1691271561,The Block Cycle Token,CYCLE,8
1691344100,ALGO/A200 PACT LP Token,A200/ALGO LP Token,6
1696445879,Staciwifdogs,SWIFDOGS,8
1699699699,BUMGARNERED,OTSDGFKD,6
1701856494,TinymanPool2.0 OTSDGFKD-ALGO,OTSDGFKD/ALGO LP Token,6
1703568703,TinymanPool2.0 Come-ALGO,Come/ALGO LP Token,6
1707296920,TinymanPool2.0 PiPhiN-ALGO,PiPhiN/ALGO LP Token,6
1709118819,PYGO,PYGO,5
1712128183,ALGO/Barb PACT LP Token,Barb/ALGO LP Token,6
1712734598,Hugeman,HUGE,3
1712778098,TinymanPool2.0 HUGE-ALGO,HUGE/ALGO LP Token,6
1714890852,TinymanPool2.0 CAT-ALGO,CAT/ALGO LP Token,6
1716066329,TinymanPool2.0 SWIFDOGS-ALGO,SWIFDOGS/ALGO LP Token,6
1716137859,TinymanPool2.0 PYGO-ALGO,PYGO/ALGO LP Token,6
1716414746,TinymanPool2.0 USELESS-ALGO,USELESS/ALGO LP Token,6
1718857870,TinymanPool2.0 REV-ALGO,REV/ALGO LP Token,6
1720582518,MEOW,MEOW,5
1721213788,RedWineHookerBlowGoldOilInu,RWA,6
1721401522,ALGO/RWA PACT LP Token,RWA/ALGO LP Token,6
1721458163,TinymanPool2.0 RWA-ALGO,RWA/ALGO LP Token,6
1721735822,TinymanPool2.0 RWA-OTSDGFKD,TMPOOL2,6
1722347656,FRENS,FRENS,8
1722361936,TinymanPool2.0 FRENS-ALGO,FRENS/ALGO LP Token,6
1724033045,TinymanPool2.0 HYPE-ALGO,HYPE/ALGO LP Token,6
1725264240,MINTHOL,CIG,3
1726873611,ALGO/RWA PACT LP Token,PLP,6
1727910378,TinymanPool2.0 MEOW-ALGO,MEOW/ALGO LP Token,6
1728516932,UsellUgay,USUG,8
1728526294,TinymanPool2.0 USUG-ALGO,USUG/ALGO LP Token,6
1728571312,Humble Swap - PYGO/ALGO LP Token,PYGO/ALGO LP Token,6
1728597969,CABAL,CABAL,6
1728601823,TinymanPool2.0 CABAL-ALGO,CABAL/ALGO LP Token,6
1730032724,TinymanPool2.0 PEEPEE-ALGO,PEEPEE/ALGO LP Token,6
1730408100,Booger DRUD,DRUD,6
1730870342,TinymanPool2.0 GAC-ALGO,GAC/ALGO LP Token,6
1731842089,Humble Swap - Amina /ALGO LP Token,Amina /ALGO LP Token,6
1732402418,ALGO/AKTA PACT LP Token,AKTA/ALGO LP Token,6
1732404705,ALGO/NIKO PACT LP Token,NIKO/ALGO LP Token,6
1733294337,Monk Coin,monk,3
1734447491,TinymanPool2.0 monk-ALGO,monk/ALGO LP Token,6
1740362129,TinymanPool2.0 RWA-gALGO,TMPOOL2,6
1748330503,Gainify,GAIN,10
1750091949,ALGO/COOP PACT LP Token,COOP/ALGO LP Token,6
1752393567,Mullet Coin,Mullet,6
1753483231,RE Advertising,REA,4
1754400680,TinymanPool2.0 REA-ALGO,REA/ALGO LP Token,6
1760481023,TinymanPool2.0 DRUD-ALGO,DRUD/ALGO LP Token,6
1760923605,$,$,6
1760926728,¬£,¬£,6
1760930629,TinymanPool2.0 $-ALGO,$/ALGO LP Token,6
1760934789,TinymanPool2.0 ¬£-ALGO,¬£/ALGO LP Token,6
1761663867,Runes ,Runes,6
1762990833,ALGO/GAIN PACT LP Token,GAIN/ALGO LP Token,6
1763848837,Humble Swap - DRUD/ALGO LP Token,DRUD/ALGO LP Token,6
1765486607,TinymanPool2.0 GAIN-ALGO,GAIN/ALGO LP Token,6
1765939405,ALGO/DRUD PACT LP Token,DRUD/ALGO LP Token,6
1774293705,Blue Yoshi,Yoshi,3
1775410837,BOBO,BOBO,5
1777985304,TinymanPool2.0 Yoshi-ALGO,Yoshi/ALGO LP Token,6
1779563549,TinymanPool2.0 CIG-ALGO,CIG/ALGO LP Token,6
1780459935,ALGO/CIG PACT LP Token,CIG/ALGO LP Token,6
1781436223,BONKY,BONKY,6
1783907253,TinymanPool2.0 BONKY-ALGO,BONKY/ALGO LP Token,6
1784383458,Community Coin Contest Winner,CCC,6
1784518202,TinymanPool2.0 CCC-ALGO,CCC/ALGO LP Token,6
1788443888,TinymanPool2.0 CYCLE-ALGO,CYCLE/ALGO LP Token,6
1789439063,TinymanPool2.0 Runes-ALGO,Runes/ALGO LP Token,6
1789576945,TinymanPool2.0 BOBO-ALGO,BOBO/ALGO LP Token,6
1789601127,TinymanPool2.0 Mullet-ALGO,Mullet/ALGO LP Token,6
1789680416,ALGO/CYCLE PACT LP Token,CYCLE/ALGO LP Token,6
1790050505,Toke Juice ,TJ1,4
1790069164,TinymanPool2.0 TJ1-ALGO,TJ1/ALGO LP Token,6
1790490442,TinymanPool2.0 BOBO-USDC,TMPOOL2,6
1790491312,TinymanPool2.0 BOBO-xUSD,TMPOOL2,6
1790688562,AlgoPulse,APLS,0
1790762841,TinymanPool2.0 APLS-ALGO,APLS/ALGO LP Token,6
1791696757,Zombies Bite Back           ,PLAUS,0
1793924635,USDC/GOLD$ PACT LP Token,PLP,6
1797960965,PYTHALGORAS,PYTHON,8
1798453810,TinymanPool2.0 PYTHON-ALGO,PYTHON/ALGO LP Token,6
1800781715,DigitylAssetz DAO,DGTYL,0
1800793652,TinymanPool2.0 DGTYL-ALGO,DGTYL/ALGO LP Token,6
1800918765,ALGO/META PACT LP Token,META/ALGO LP Token,6
1802431943,Texas Farm,TXF,6
1802858078,TinymanPool2.0 TXF-ALGO,TXF/ALGO LP Token,6
1803484794,Pulse,PULSE,6
1803616961,TinymanPool2.0 PULSE-ALGO,PULSE/ALGO LP Token,6
1808888848,AKPP,AKPP,6
1812382524,CRAZYCOCK,COCK,8
1812403901,TinymanPool2.0 COCK-ALGO,COCK/ALGO LP Token,6
1813373577,Degen,DEGEN,8
1814938673,TinymanPool2.0 AKPP-ALGO,AKPP/ALGO LP Token,6
1817004713,Crypto Crusader #4,M7 Arts,0
1817531236,DUMBGOATS,GOATS,8
1817781945,TinymanPool2.0 GOATS-ALGO,GOATS/ALGO LP Token,6
1817885638,TinymanPool2.0 DEGEN-ALGO,DEGEN/ALGO LP Token,6
1820068494,Coop #181,Coop181,0
1821123863,SpeCie ,SPEC,8
1821328783,DALGO,DALGO,4
1837386140,MEOWEREUM,MEOM,6
1837837254,TinymanPool2.0 MEOM-ALGO,MEOM/ALGO LP Token,6
1846195654,ART,ART,6
1847793337,Albino Coin,ABC,2
1847795313,TinymanPool2.0 ABC-ALGO,ABC/ALGO LP Token,6
1865780350,TinymanPool2.0 GOLD$-MCAU,TMPOOL2,6
1866895625,Token For Testing,TEST,6
1866897924,TinymanPool2.0 TEST-ALGO,TEST/ALGO LP Token,6
1868231908,GONK DROiD,GONK,7
1868256437,TinymanPool2.0 GONK-ALGO,GONK/ALGO LP Token,6
1868547383,TinymanPool2.0 $Gcoin-ALGO,$Gcoin/ALGO LP Token,6
1868885560,Mini Moo,MINIMOO,3
1869601566,TinymanPool2.0 geekdad1-ALGO,geekdad1/ALGO LP Token,6
1870947632,Borpa,BORPA,0
1870990026,TinymanPool2.0 BORPA-ALGO,BORPA/ALGO LP Token,6
187215017,WaveCoin,WAVE,2
1872847912,TinymanPool2.0 MINIMOO-ALGO,MINIMOO/ALGO LP Token,6
1875765195,TinymanPool2.0 ART-ALGO,ART/ALGO LP Token,6
1878593689,ALGO/ART PACT LP Token,ART/ALGO LP Token,6
1882080161,The Helping Heart,THH,6
1882088719,TinymanPool2.0 THH-ALGO,THH/ALGO LP Token,6
1882181253,Groceries Wit Bag,GBAG,1
1884697557,TinymanPool2.0 SPEC-ALGO,SPEC/ALGO LP Token,6
1889681715,FLOKI,FLOKI,8
1890002545,Goblin,Goblin,5
189104671,Bluntcoin,BLUNT,0
1891178939,Humble Swap - DUB/ALGO LP Token,DUB/ALGO LP Token,6
1893906660,Rizer Token üî•,RIZER,4
1894016121,TinymanPool2.0 RIZER-ALGO,RIZER/ALGO LP Token,6
1894258373,TinymanPool2.0 GBAG-ALGO,GBAG/ALGO LP Token,6
1894544296,S50401,SpaceKey,0
1896445097,TinymanPool2.0 FLOKI-ALGO,FLOKI/ALGO LP Token,6
1900733114,S40618,SpaceKey,0
1904048334,‚úì,‚úì,10
1904061455,TinymanPool2.0 ‚úì-ALGO,‚úì/ALGO LP Token,6
1904431610,Spondoolicks,LIX,3
1904475170,TinymanPool2.0 LIX-ALGO,LIX/ALGO LP Token,6
1916711328,TinymanPool2.0 BOMB-ALGO,BOMB/ALGO LP Token,6
1930070705,BLOOM,BLOOM,6
1932283704,PERUSALEM,PSLM,7
1932367555,TinymanPool2.0 BLOOM-ALGO,BLOOM/ALGO LP Token,6
1932711716,TinymanPool2.0 SILVER$-MCAU,TMPOOL2,6
1937292495,Algorand MainNet 5 Years Old,5YrsALGO,0
1938511342,Flerk,Flerk,5
1938514377,TinymanPool2.0 Flerk-ALGO,Flerk/ALGO LP Token,6
1954250035,PeiPei,PEIPEI,4
2004387843,AlgoAdoptAirdrop,AAA,10
2004411684,TinymanPool2.0 AAA-ALGO,AAA/ALGO LP Token,6
200730915,Precious Metals,Nugget,0
2031930691,Coq Inu,COQ,4
2032033778,Big Red,$Td,6
2032064107,Kimbo,KIMBO,6
2076184974,Flerk but it's not a rug,Flerk,5
2076208886,TinymanPool2.0 Flerk-ALGO,Flerk/ALGO LP Token,6
2085186282,CRAZY MOTHER,MOTHER,8
2087526974,TinymanPool2.0 MOTHER-ALGO,MOTHER/ALGO LP Token,6
2100785445,MAKE AMERICA GREAT AGAIN,MAGA,8
2100871734,TinymanPool2.0 MAGA-ALGO,MAGA/ALGO LP Token,6
2101258888,Donkey Crap,DC1,4
2101281350,TinymanPool2.0 DC1-ALGO,DC1/ALGO LP Token,6
2120538917,Donald J Trump,DJT,8
2122521282,‚Ä¢,‚Ä¢,10
2122601079,TinymanPool2.0 ‚Ä¢-ALGO,‚Ä¢/ALGO LP Token,6
2130463852,TinymanPool2.0 PEIPEI-ALGO,PEIPEI/ALGO LP Token,6
2132349163,TinymanPool2.0 DJT-ALGO,DJT/ALGO LP Token,6
2141726377,TinymanPool2.0 PSLM-ALGO,PSLM/ALGO LP Token,6
2141935743,TinymanPool2.0 aSHIB-ALGO,aSHIB/ALGO LP Token,6
2153663700,BabyRaptorCoin,BRC,4
2154668640,MoonJuiceRocketFuel,MOOJ,8
2155418402,rug.ninja,RUGNINJA,6
2155589296,ALGO/$Td PACT LP Token,$Td/ALGO LP Token,6
2155593039,ALGO/KIMBO PACT LP Token,KIMBO/ALGO LP Token,6
2155688884,BASED,BASED,6
2155690250,John Woods,$JAWS,6
2155726694,VOI mainnet,ALGO,6
2156022094,TinymanPool2.0 RUGNINJA-ALGO,RUGNINJA/ALGO LP Token,6
2156319893,TinymanPool2.0 $JAWS-ALGO,$JAWS/ALGO LP Token,6
2156428791,ALGO/$JAWS PACT LP Token,$JAWS/ALGO LP Token,6
2157564749,ALGO/COQ PACT LP Token,COQ/ALGO LP Token,6
2160577481,Fry Inu,FINU,6
2160876341,TinymanPool2.0 Goblin-ALGO,Goblin/ALGO LP Token,6
2160915645,TinymanPool2.0 FINU-ALGO,FINU/ALGO LP Token,6
2165489339,TinymanPool2.0 BASED-ALGO,BASED/ALGO LP Token,6
2165822148,ALGO/BASED PACT LP Token,BASED/ALGO LP Token,6
2165834265,ALGO/RUGNINJA PACT LP Token,RUGNINJA/ALGO LP Token,6
2166970058,TinymanPool2.0 FNG-ALGO,FNG/ALGO LP Token,6
2171798010,Shinobi,SHINO,6
2172355527,TinymanPool2.0 SHINO-ALGO,SHINO/ALGO LP Token,6
2172415648,ALGO/SHINO PACT LP Token,SHINO/ALGO LP Token,6
2179797935,TinymanPool2.0 DALGO-ALGO,DALGO/ALGO LP Token,6
2180797150,Garbage Cat,GCAT,6
2181572479,COOP/BASED PACT LP Token,PLP,6
2183999424,TinymanPool2.0 GCAT-ALGO,GCAT/ALGO LP Token,6
2184922761,The Rarity God Multimint,rarity,0
2187746505,TinymanPool2.0 MOOJ-ALGO,MOOJ/ALGO LP Token,6
2188049335,GOLD$/BASED PACT LP Token,PLP,6
2188610608,SOL/BASED PACT LP Token,PLP,6
2188623840,WAVAX/BASED PACT LP Token,PLP,6
2190735346,King Of Bulls,KING,6
2191623205,TinymanPool2.0 KING-ALGO,KING/ALGO LP Token,6
2194138129,RUGGY,RUGGY,0
2194138870,TinymanPool2.0 RUGGY-ALGO,RUGGY/ALGO LP Token,6
2197175873,AlgoTrade,ATR,1
2197206528,Husky Inu,HUSKY,1
2197601262,Poor Man‚Äôs Coin,APOOR,0
2197999692,TinymanPool2.0 ATR-ALGO,ATR/ALGO LP Token,6
2198048647,TinymanPool2.0 HUSKY-ALGO,HUSKY/ALGO LP Token,6
2199106620,TinymanPool2.0 APOOR-ALGO,APOOR/ALGO LP Token,6
2200000000,TINY,TINY,6
2201078580,TinymanPool2.0 TINY-ALGO,TINY/ALGO LP Token,6
2201334132,ALGO/TINY PACT LP Token,TINY/ALGO LP Token,6
2205729354,TinymanPool2.0 BRC-ALGO,BRC/ALGO LP Token,6
226265212,AlgoNuts,ACORN,0
226701642,Yieldly,YLDY,6
227358511,ALGore,ALGR,2
227855942,STASIS EURO,EURS,6
228445514,Vinnies,VINS,0
230946361,AlgoGems,GEMS,6
233939122,AlgoWorld Token,AWT,0
234994096,Matrix,MTRX,0
239444645,Kaafila,KFL,0
241759159,Freckle,FRKL,0
246516580,Meld Gold (g),GOLD$,6
246519683,Meld Silver (g),SILVER$,6
251014570,Blocks,Block,0
264229768,Peach Fund,Peach,2
266846137,SIGN.NET,SIGN,7
27165954,PLANET,Planets,6
272839935,AlgoFamily,AF,6
273666554,Thanks,TY,2
2751733,Realio Token,RIO,7
2757561,realioUSD,rUSD,7
281003266,NFT Grocery Store Coupon üé´,Coupüé´,0
281003863,G^1 Eureka Lemon üçã,Eureüçã,0
283820866,Xfinite Entertainment Token,XET,9
287145646,St√ºckm√ºnze,STCK,2
287867876,Opulous,OPUL,10
291940376,Donut,DONUT,2
297081422,TubbyCoin,BigHugs,2
297995609,Choice Coin,Choice,2
300208676,Smile Coin,SMILE,6
305992851,Algoneer,AGNR,3
306678185,VERNTOKEN,VERN,0
310014962,AlcheCoin,ALCH,0
311714745,Singularts,SING,6
312412702,CryptoRulesEverythingAroundMe,CREAM,6
312769,Tether USDt,USDt,6
31566704,USDC,USDC,6
317670428,Zenny,ZENI,10
319181363,Madiba,MADIBA,6
319473667,Curator Coin,CURATOR,5
320259224,Wrapped Algo,wALGO,6
328124067,CC Token,CC,0
329110405,TacoCoin,Tacos,0
330109984,CoMManDCoin,comand,2
330168845,KryptoNurd,NURD,2
338543684,NCoin,NCOINA,5
339087432,LUDUS,LUD,0
339490307,Bitcoin,BTC,12
341193583,PickleCoin,PKLE,0
342889824,Board,BOARD,6
352658929,AlgoDoggo,Doggo,0
353409462,AlgoBasket,ABSKT,4
354021982,Zilla Coin,ZLC,0
359314135,Tinyman Pool USDC-ALGO,USDC/ALGO LP Token,6
359327225,Tinyman Pool USDt-ALGO,USDt/ALGO LP Token,6
359342000,Tinyman Pool YLDY-ALGO,YLDY/ALGO LP Token,6
359361766,Tinyman Pool FAME-ALGO,FAME/ALGO LP Token,6
359362289,Tinyman Pool OPUL-ALGO,OPUL/ALGO LP Token,6
359363463,Tinyman Pool RIO-ALGO,RIO/ALGO LP Token,6
359363782,Tinyman Pool SMILE-ALGO,SMILE/ALGO LP Token,6
359370513,Tinyman Pool AGNR-ALGO,AGNR/ALGO LP Token,6
359370898,Tinyman Pool HDL-ALGO,HDL/ALGO LP Token,6
359379224,Tinyman Pool WAVE-ALGO,WAVE/ALGO LP Token,6
359379457,Tinyman Pool Doggo-ALGO,Doggo/ALGO LP Token,6
359383582,Tinyman Pool GEMS-ALGO,GEMS/ALGO LP Token,6
359383590,Tinyman Pool Planets-ALGO,Planets/ALGO LP Token,6
359384389,Tinyman Pool Choice-ALGO,Choice/ALGO LP Token,6
359389253,Tinyman Pool KFL-ALGO,KFL/ALGO LP Token,6
359395284,Tinyman Pool Tacos-ALGO,Tacos/ALGO LP Token,6
359396598,Tinyman Pool ZENI-ALGO,ZENI/ALGO LP Token,6
359399600,Tinyman Pool FRKL-ALGO,FRKL/ALGO LP Token,6
359400263,Tinyman Pool AF-ALGO,AF/ALGO LP Token,6
359414344,Tinyman Pool BOARD-ALGO,BOARD/ALGO LP Token,6
359417214,Tinyman Pool Nugget-ALGO,Nugget/ALGO LP Token,6
359417656,Tinyman Pool PKLE-ALGO,PKLE/ALGO LP Token,6
359419713,Tinyman Pool comand-ALGO,comand/ALGO LP Token,6
359426477,Tinyman Pool VERN-ALGO,VERN/ALGO LP Token,6
359427072,Tinyman Pool ACORN-ALGO,ACORN/ALGO LP Token,6
359448756,Tinyman Pool ALCH-ALGO,ALCH/ALGO LP Token,6
359460419,Tinyman Pool AWT-ALGO,AWT/ALGO LP Token,6
359475631,Tinyman Pool Spud-ALGO,Spud/ALGO LP Token,6
359487296,aDOGE,aDOGE,0
359490750,Tinyman Pool CREAM-ALGO,CREAM/ALGO LP Token,6
359494216,Tinyman Pool BUY-ALGO,BUY/ALGO LP Token,6
359503703,Tinyman Pool ALGR-ALGO,ALGR/ALGO LP Token,6
359511049,Tinyman Pool Coupüé´-ALGO,Coupüé´/ALGO LP Token,6
359518016,Tinyman Pool MESX-ALGO,MESX/ALGO LP Token,6
359519442,Tinyman Pool XET-ALGO,XET/ALGO LP Token,6
359779578,Tinyman Pool Eureüçã-ALGO,Eureüçã/ALGO LP Token,6
359865809,Tinyman Pool ARCC-ALGO,ARCC/ALGO LP Token,6
360613721,Tinyman Pool ZLC-ALGO,ZLC/ALGO LP Token,6
360634349,Tinyman Pool MADIBA-ALGO,MADIBA/ALGO LP Token,6
360635677,Tinyman Pool rUSD-ALGO,rUSD/ALGO LP Token,6
361005173,Tinyman Pool VINS-ALGO,VINS/ALGO LP Token,6
361026030,Tinyman Pool BLUNT-ALGO,BLUNT/ALGO LP Token,6
361339277,SQDC,Squid,2
361671874,KittenCoin,KTNC,5
361741797,Tinyman Pool KTNC-ALGO,KTNC/ALGO LP Token,6
361806984,AlgoMeow,MEOW,0
361940410,FairMeme Token,FairMeme,0
362036354,Tinyman Pool Squid-ALGO,Squid/ALGO LP Token,6
362054743,Tinyman Pool FairMeme-ALGO,FairMeme/ALGO LP Token,6
362626598,SHISA LIONDOG TOKEN,SHIS,6
362651798,Tinyman Pool SHIS-ALGO,SHIS/ALGO LP Token,6
363242061,Tinyman Pool SIGN-ALGO,SIGN/ALGO LP Token,6
363820746,AlgoZenith,AlgoZnth,0
363833896,AlgoRants,ANTS,5
366032345,Tinyman Pool BTC-ALGO,BTC/ALGO LP Token,6
366411247,Tinyman Pool ANTS-ALGO,ANTS/ALGO LP Token,6
366511140,FairMeme AlgoLocker,FMA,0
366965201,Tinyman Pool SING-ALGO,SING/ALGO LP Token,6
367029007,DeafCoin,DEAF,0
368258670,FAST SWAP,SWAP,3
368266715,Tinyman Pool SWAP-ALGO,SWAP/ALGO LP Token,6
368678144,NRPG Coin,NRPGC,4
369732036,Tinyman Pool AlgoZnth-ALGO,AlgoZnth/ALGO LP Token,6
370073176,Hest,HS,1
371714010,ETHEREUM,ETH,0
371715172,Tinyman Pool ETH-ALGO,ETH/ALGO LP Token,6
372666897,LionCoin,Lions,4
372685185,Tinyman Pool Lions-ALGO,Lions/ALGO LP Token,6
376702237,Zombie Food,BRAINZ,0
377311848,Tinyman Pool FMA-ALGO,FMA/ALGO LP Token,6
377799055,Tinyman Pool DONUT-ALGO,DONUT/ALGO LP Token,6
378092837,AlgoGOAT,GOAT,2
378382099,Tinychart Token,TINY,4
378391402,Tinyman Pool TINY-ALGO,TINY/ALGO LP Token,6
378507225,Tinyman Pool GOAT-ALGO,GOAT/ALGO LP Token,6
379251967,Tinyman Pool BRAINZ-ALGO,BRAINZ/ALGO LP Token,6
380130784,Tinyman Pool ABSKT-ALGO,ABSKT/ALGO LP Token,6
380142804,Tinyman Pool LUD-ALGO,LUD/ALGO LP Token,6
380541668,Tinyman Pool TY-ALGO,TY/ALGO LP Token,6
381210562,AlgoPets,AlgoPets,0
381781931,HODL Coin,HODL,2
381786726,Tinyman Pool HODL-ALGO,HODL/ALGO LP Token,6
381942445,DrunkCoin,BEERS,0
382781470,BANAAN,BANAAN,2
382789038,Tinyman Pool BANAAN-ALGO,BANAAN/ALGO LP Token,6
383397580,Tinyman Pool AlgoPets-ALGO,AlgoPets/ALGO LP Token,6
383581973,XBULL,XBULL,6
384184691,Fraction Token,FRAC,10
384186031,Tinyman Pool FRAC-ALGO,FRAC/ALGO LP Token,6
384303832,AKITA INU TOKEN,AKITA,0
384305346,Tinyman Pool AKITA-ALGO,AKITA/ALGO LP Token,6
384358859,Tinyman Pool wALGO-ALGO,wALGO/ALGO LP Token,6
384513011,AlgoRiseX,ARSx,0
385369349,Tinyman Pool NCOINA-ALGO,NCOINA/ALGO LP Token,6
386192725,goBTC,goBTC,8
386195940,goETH,goETH,8
386358144,Tinyman Pool goETH-ALGO,goETH/ALGO LP Token,6
387100702,Tinyman Pool XBULL-ALGO,XBULL/ALGO LP Token,6
388069621,AlgoCatz,Neko,6
388278664,Tinyman Pool Peach-ALGO,Peach/ALGO LP Token,6
388319938,Tinyman Pool Neko-ALGO,Neko/ALGO LP Token,6
388502764,Svansy Coin,SVANSY,6
388505064,AlgoShibaInu,aSHIB,2
388592191,Chips,chip,1
388606649,Tinyman Pool aSHIB-ALGO,aSHIB/ALGO LP Token,6
388619917,Tinyman Pool chip-ALGO,chip/ALGO LP Token,6
388760857,Tinyman Pool SVANSY-ALGO,SVANSY/ALGO LP Token,6
388950186,Official AKITA NFT,AKITAnft,0
389294682,Numbers Token,NT,2
389434279,Algobird,BIRD,0
389439477,Tinyman Pool BIRD-ALGO,BIRD/ALGO LP Token,6
390638221,TinyTacos,tTacos,0
390642353,Memes,Meme,0
390982964,Algo MoonBoi,MOONBOI,6
391379500,Dope Panda,DPANDA,6
391387065,Tinyman Pool DPANDA-ALGO,DPANDA/ALGO LP Token,6
393102174,Tinyman Pool ARSx-ALGO,ARSx/ALGO LP Token,6
393155456,Clean Ocean Token,FISH,2
393495312,Algorand Faucet Drops,AFD,8
393498731,Gramo,GRAMO,2
393537671,ASA Stats Token,ASASTATS,6
393730434,Tinyman Pool FISH-ALGO,FISH/ALGO LP Token,6
394014424,ToolsX,ToolsX,0
394412320,NARD COLLECTIVE,NARD,3
394904431,AlgorandDoge,Pup,6
395056855,Tinyman Pool NARD-ALGO,NARD/ALGO LP Token,6
395677517,ELO INU,ELO INU,0
395687882,Tinyman Pool ELO INU-ALGO,ELO INU/ALGO LP Token,6
395903544,Tinyman Pool BEERS-ALGO,BEERS/ALGO LP Token,6
396355436,RisqueCoin,RSQ,0
396418648,Tinyman Pool RSQ-ALGO,RSQ/ALGO LP Token,6
398853048,IQ INU,IQ,0
399112998,Tinyman Pool IQ-ALGO,IQ/ALGO LP Token,6
399288328,KISHU INU TOKEN,KISHU,0
399949522,NextBigCryptos,NEXBC,7
400020792,Tinyman Pool NEXBC-ALGO,NEXBC/ALGO LP Token,6
400207134,Samo INU,SAMO,3
400295506,Tosa Inu,TOSA,0
400311237,Tinyman Pool SAMO-ALGO,SAMO/ALGO LP Token,6
400311580,Tinyman Pool TOSA-ALGO,TOSA/ALGO LP Token,6
400346345,Tinyman Pool MEOW-ALGO,MEOW/ALGO LP Token,6
400593267,DeFi-nite,Finite,8
400606963,Tinyman Pool Finite-ALGO,Finite/ALGO LP Token,6
400758048,INU INU,INU2,5
400968938,ChocolateCoin,Choco,0
401219023,Tinyman Pool Choco-ALGO,Choco/ALGO LP Token,6
401497456,Tinyman Pool INU2-ALGO,INU2/ALGO LP Token,6
401752010,Blapu,BLAPU,0
401758135,Tinyman Pool BLAPU-ALGO,BLAPU/ALGO LP Token,6
401979936,EGG,YOLK,6
401985703,Tinyman Pool YOLK-ALGO,YOLK/ALGO LP Token,6
402054378,Tinyman Pool MOONBOI-ALGO,MOONBOI/ALGO LP Token,6
402153119,Algo Fuel,AlgoFuel,8
402285891,Tinyman Pool AlgoFuel-ALGO,AlgoFuel/ALGO LP Token,6
402482178,American Pitbull,PIT,8
402498057,Tinyman Pool PIT-ALGO,PIT/ALGO LP Token,6
402575572,Akito Inu Token,AKITO,4
402621441,Tinyman Pool AKITO-ALGO,AKITO/ALGO LP Token,6
402637098,ALGOnauts,ALGONAUT,3
402649143,Tinyman Pool ALGONAUT-ALGO,ALGONAUT/ALGO LP Token,6
402687453,Tinyman Pool MTRX-ALGO,MTRX/ALGO LP Token,6
403292234,ASA AKIRA,DP69,2
403298002,DAG,DAG,2
403303252,Tinyman Pool DP69-ALGO,DP69/ALGO LP Token,6
403322808,Tinyman Pool DAG-ALGO,DAG/ALGO LP Token,6
403499324,Nexus,GP,0
403511842,Tinyman Pool GP-ALGO,GP/ALGO LP Token,6
403538605,Shmeckle,SHMCKL,0
403994368,TinyDoge,TDOG,0
403999295,Tinyman Pool TDOG-ALGO,TDOG/ALGO LP Token,6
404044168,NEKOIN,Nekos,4
404056184,AKITA INU TOKEN,AKITA,0
404060734,Tinyman Pool AKITA-ALGO,AKITA/ALGO LP Token,6
404180832,All Set Token,ALST,0
404205978,Tinyman Pool ALST-ALGO,ALST/ALGO LP Token,6
404691484,Let's go Brandon,FJB,2
404697267,Tinyman Pool FJB-ALGO,FJB/ALGO LP Token,6
404719435,MoonX,MOONX,5
404723354,Tinyman Pool MOONX-ALGO,MOONX/ALGO LP Token,6
405539721,Nyan Cat,Nyan,0
405895125,Nakatoshi Inu,NKT,0
405905853,Tinyman Pool NKT-ALGO,NKT/ALGO LP Token,6
405947516,Hedgehog,HEDGE,2
405972661,Acid Pigeon ,Apig,0
405997689,Tinyman Pool Apig-ALGO,Apig/ALGO LP Token,6
406031286,Breast Milk,Oz.,0
406033032,Tinyman Pool Oz.-ALGO,Oz./ALGO LP Token,6
406207567,ALGOLD,AGLD,6
406361925,Kitsune Inu,KITSU,0
406372687,Tinyman Pool KITSU-ALGO,KITSU/ALGO LP Token,6
406383570,Flamingo Coin,FLAMINGO,0
406395936,Tinyman Pool FLAMINGO-ALGO,FLAMINGO/ALGO LP Token,6
406567722,Tinyman Pool AGLD-ALGO,AGLD/ALGO LP Token,6
406713883,aFLOKI,aFLOKI,0
406716900,Tinyman Pool aFLOKI-ALGO,aFLOKI/ALGO LP Token,6
406750054,Cuck Coin,Cucks,6
406798522,Tinyman Pool Cucks-ALGO,Cucks/ALGO LP Token,6
406921723,Hidalgo,Hidalgos,2
406982910,Tinyman Pool Hidalgos-ALGO,Hidalgos/ALGO LP Token,6
407044773,BLUE HEELER INU TOKEN,HEELER,0
407046494,Tinyman Pool HEELER-ALGO,HEELER/ALGO LP Token,6
408177774,Deli Coin,DELI,0
408217436,Ankha,ANKHA,6
408307205,Tinyman Pool ANKHA-ALGO,ANKHA/ALGO LP Token,6
408656272,Tinyman Pool Nekos-ALGO,Nekos/ALGO LP Token,6
408788914,Tinyman Pool AFD-ALGO,AFD/ALGO LP Token,6
408850271,Tinyman Pool DELI-ALGO,DELI/ALGO LP Token,6
408882882,ROTTWEILER Token,ROTTIE,0
408884627,Tinyman Pool ROTTIE-ALGO,ROTTIE/ALGO LP Token,6
408898501,Loot Box,LTBX,1
408923266,Alice,AAA,8
408923935,Tinyman Pool LTBX-ALGO,LTBX/ALGO LP Token,6
409153614,Tinyman Pool Meme-ALGO,Meme/ALGO LP Token,6
409283233,Cow,Cow,0
409311671,Tinyman Pool Cow-ALGO,Cow/ALGO LP Token,6
409604194,AlgOcean,AO,2
410179810,XRobo Inu,XROBO,0
410240416,Tinyman Pool XROBO-ALGO,XROBO/ALGO LP Token,6
410703201,TinylockToken,TinyLock,6
410937401,Tinyman Pool TinyLock-ALGO,TinyLock/ALGO LP Token,6
411103260,Tinyman Pool KISHU-ALGO,KISHU/ALGO LP Token,6
411521263,Dungeon Gold,dAGR,6
411585685,Tinyman Pool AO-ALGO,AO/ALGO LP Token,6
411625773,Dragon,Dragon,0
412054007,SHIBASWAP,ASWAP,0
412056867,Shosha,SHSA,6
412056914,Tinyman Pool ASWAP-ALGO,ASWAP/ALGO LP Token,6
412219535,Boom,BOOM,0
412615954,Tinyman Pool Nyan-ALGO,Nyan/ALGO LP Token,6
412677778,Wakanda Inu,Wakanda,5
412690611,Tinyman Pool Wakanda-ALGO,Wakanda/ALGO LP Token,6
412905206,OxALGO,OxA,0
412908795,Tinyman Pool OxA-ALGO,OxA/ALGO LP Token,6
413043073,BABY AKITA INU TOKEN,BAT,0
413044302,Tinyman Pool BAT-ALGO,BAT/ALGO LP Token,6
413063347,Algo SAITAMA,aSAITAMA,0
413065067,Tinyman Pool aSAITAMA-ALGO,aSAITAMA/ALGO LP Token,6
413153825,Red Panda ASA,RPA,3
413156580,Tinyman Pool RPA-ALGO,RPA/ALGO LP Token,6
413467350,Capybara Token,CPY,0
413641558,Tinyman Pool CPY-ALGO,CPY/ALGO LP Token,6
414063037,XTT COIN,XTT,1
414064061,Tinyman Pool XTT-ALGO,XTT/ALGO LP Token,6
414167453,ChibaInu,CHIBA,0
414268405,Tinyman Pool CHIBA-ALGO,CHIBA/ALGO LP Token,6
414445607,KarmaCoin,KARMA,0
414718889,Tinyman Pool STCK-ALGO,STCK/ALGO LP Token,6
414726453,JAWAS,Droids,0
414732809,Tinyman Pool Droids-ALGO,Droids/ALGO LP Token,6
415045633,Parsec,PRSC,0
415059365,Tinyman Pool PRSC-ALGO,PRSC/ALGO LP Token,6
415685994,Liquidvineyards,LVY,1
415689417,Tinyman Pool LVY-ALGO,LVY/ALGO LP Token,6
415781755,Boobs,BOOBS,6
415808070,Tinyman Pool BOOBS-ALGO,BOOBS/ALGO LP Token,6
416737271,Lunar Coin,LUNAR,0
416758737,Tinyman Pool LUNAR-ALGO,LUNAR/ALGO LP Token,6
417708610,DEGEN Token,DEGEN,0
418015545,SEED COIN,SEED,0
418756223,Social Trust Coin,STC,6
419244056,AlgoMetaverse,AMV,8
419481154,Tinyman Pool STC-ALGO,STC/ALGO LP Token,6
420825174,Crypto Knight,Templars,0
420830509,Tinyman Pool Templars-ALGO,Templars/ALGO LP Token,6
421281844,tinybots,TBOTS,6
421324849,Tinyman Pool TBOTS-ALGO,TBOTS/ALGO LP Token,6
421464167,Tinyman Pool KARMA-ALGO,KARMA/ALGO LP Token,6
421596262,Cheers for the Algo...,CHRS50,0
421921701,Tinyman Pool DEAF-ALGO,DEAF/ALGO LP Token,6
422695694,TinyArt,TART,4
423253123,GabbardCoin,GBBRD,6
423256845,Tinyman Pool GBBRD-ALGO,GBBRD/ALGO LP Token,6
423398316,Bison,Bison,2
423816621,Rapid Deflation,RAPDEF,5
423818379,Tinyman Pool RAPDEF-ALGO,RAPDEF/ALGO LP Token,6
424445711,Tinyman Pool Bison-ALGO,Bison/ALGO LP Token,6
425819037,Flight Coin,FLT,6
426123674,VAGTANE,VATE,0
426136753,Tinyman Pool VATE-ALGO,VATE/ALGO LP Token,6
426178480,Curry Points,Curry,0
426281540,Tinyman Pool Curry-ALGO,Curry/ALGO LP Token,6
426526699,Adventure Coin,ADVENTUR,8
426682700,Tinyman Pool ADVENTUR-ALGO,ADVENTUR/ALGO LP Token,6
426980914,Raptor Coin,RCOIN,2
427747951,We are all made of particles.,WE ARE ,0
428623292,Tinyman Pool SEED-ALGO,SEED/ALGO LP Token,6
428893340,Tinyman Pool DEGEN-ALGO,DEGEN/ALGO LP Token,6
428917669,Tinyman Pool RCOIN-ALGO,RCOIN/ALGO LP Token,6
429776037,CARDIN,CARD,0
429784050,Tinyman Pool CARD-ALGO,CARD/ALGO LP Token,6
430015294,Tinyman Pool ToolsX-ALGO,ToolsX/ALGO LP Token,6
430838314,Astrocat,ACAT,0
431191990,Tinyman Pool ASASTATS-ALGO,ASASTATS/ALGO LP Token,6
431511305,Tinyman Pool Dragon-ALGO,Dragon/ALGO LP Token,6
432734825,Tinyman Pool dAGR-ALGO,dAGR/ALGO LP Token,6
432975976,Commie Coin,USSR,3
432985960,Tinyman Pool USSR-ALGO,USSR/ALGO LP Token,6
433100599,11m10,11mike10,2
433182546,Tinyman Pool 11mike10-ALGO,11mike10/ALGO LP Token,6
433379445,SUPERIO,SUPER,0
433466405,PuddinPoints,Puddin,4
434055439,Harold ASA,HAROLD,0
434056836,Tinyman Pool HAROLD-ALGO,HAROLD/ALGO LP Token,6
434918664,Tinyman Pool BOOM-ALGO,BOOM/ALGO LP Token,6
434924170,Tinyman Pool SUPER-ALGO,SUPER/ALGO LP Token,6
434953169,Algobird,$Bird,0
435127275,Tinyman Pool goBTC-ALGO,goBTC/ALGO LP Token,6
435335235,Crescendo,CRSD,0
435379420,Tinyman Pool CRSD-ALGO,CRSD/ALGO LP Token,6
435601719,LA BOMBA,BOMB,0
436410576,Pepe's Family,PEPEs,2
436428792,Tinyman Pool PEPEs-ALGO,PEPEs/ALGO LP Token,6
436922344,Tinyman Pool ACAT-ALGO,ACAT/ALGO LP Token,6
438315901,ALGO DIAMOND,ALGD,4
438590431,Tinyman Pool ALGD-ALGO,ALGD/ALGO LP Token,6
438831,"MESE Index Fund 1/10,000 Share",MESX,6
439437639,Steak Token,MDMRT,6
439608937,Import > Domestic,2JZ,2
439609361,Tinyman Pool 2JZ-ALGO,2JZ/ALGO LP Token,6
439933990,TinySniffer,SNIFF,4
440257246,Tinyman Pool SNIFF-ALGO,SNIFF/ALGO LP Token,6
441139422,goMINT,goMINT,6
442533843,Jam Coin,JAM,5
442598167,Tinyman Pool MDMRT-ALGO,MDMRT/ALGO LP Token,6
443447250,AlgoVerse,META,4
443454722,Tinyman Pool META-ALGO,META/ALGO LP Token,6
444025939,ALGO LEASH,LEASH,4
444026898,Tinyman Pool LEASH-ALGO,LEASH/ALGO LP Token,6
444035862,ZONE,ZONE,6
444108880,CryptoTrees,TREES,0
444115344,Tinyman Pool TREES-ALGO,TREES/ALGO LP Token,6
444437143,Tinyman Pool $Bird-ALGO,$Bird/ALGO LP Token,6
444568464,Duckcoin,QUACK,0
444740448,TGalaxy,TGLX,0
445038633,Tinyman Pool TART-ALGO,TART/ALGO LP Token,6
445102875,EcoPoo,ECOP,6
445347483,CARE TOKEN,CARE,4
445352207,Tinyman Pool CARE-ALGO,CARE/ALGO LP Token,6
445362421,MAGMA,MAGM,10
445905873,AlgoLeagues Coin,ALC,6
446220964,Animal Style,ANML,3
446260201,CRYPTO SMART ALGO,CSA,4
446348971,PHEONIX MATRIX,PHM,0
446351332,Tinyman Pool PHM-ALGO,PHM/ALGO LP Token,6
447852812,ALGO LITE,AL,1
448118298,Tinyman Pool QUACK-ALGO,QUACK/ALGO LP Token,6
450128344,Tinyman Pool ECOP-ALGO,ECOP/ALGO LP Token,6
450745266,Tinyman Pool AMV-ALGO,AMV/ALGO LP Token,6
450983718,Tinyman Pool CURATOR-ALGO,CURATOR/ALGO LP Token,6
451401073,Project REX ,REX ,5
451455596,Tinyman Pool REX -ALGO,REX /ALGO LP Token,6
452047208,SockHODLER,SOCKS,6
452383008,Tinyman Pool TGLX-ALGO,TGLX/ALGO LP Token,6
452399768,Vote Coin,Vote,6
453816186,Aegir,AGR,6
454951213,IGNITE,IG,0
454954925,Tinyman Pool IG-ALGO,IG/ALGO LP Token,6
455356741,NFTrade,NFT,0
455360907,Tinyman Pool NFT-ALGO,NFT/ALGO LP Token,6
455869558,Kenji,Ji,0
455876498,Tinyman Pool Ji-ALGO,Ji/ALGO LP Token,6
456624580,Honeycomb,HNYC,0
456762226,Tinyman Pool HNYC-ALGO,HNYC/ALGO LP Token,6
457819394,LOUDeFi,LOUD,6
458951753,Tinyman Pool JAM-ALGO,JAM/ALGO LP Token,6
460211423,Tinyman Pool NRPGC-ALGO,NRPGC/ALGO LP Token,6
460300915,LAHAR,LHR,4
460347849,Tinyman Pool LHR-ALGO,LHR/ALGO LP Token,6
460770549,Cnote Media,CNOTE,0
461741549,Cuban Dollar,CUSD,4
461849439,PariToken,PARI,3
462629820,DIGITVL,DGL,6
463319857,Tinyman Pool PARI-ALGO,PARI/ALGO LP Token,6
463343081,KENENG XING,KGX,2
463554836,AlgoFund,ALGF,6
464870072,Shein Coin,SheinC,0
464999343,Tinyman Pool CSA-ALGO,CSA/ALGO LP Token,6
465090272,Tinyman Pool SheinC-ALGO,SheinC/ALGO LP Token,6
465711820,MetaFroggies,MFrog,4
465865291,STBL,STBL,6
467134640,RDinitiativ,RDINI,6
467435033,üòçüòçüòç,Love,0
467452408,Tinyman Pool Love-ALGO,Love/ALGO LP Token,6
467938040,üßΩ Spongbob Squarepants üßΩ ,Barnacle,0
467938722,Tinyman Pool Barnacle-ALGO,Barnacle/ALGO LP Token,6
468410947,Tinyman Pool ANML-ALGO,ANML/ALGO LP Token,6
468634109,Tinyman Pool STBL-ALGO,STBL/ALGO LP Token,6
469993069,Tinyman Pool SHSA-ALGO,SHSA/ALGO LP Token,6
470842789,Defly Token,DEFLY,6
472033067,HeliumSwap,HIM,0
472046189,Tinyman Pool HIM-ALGO,HIM/ALGO LP Token,6
472086410,Tinyman Pool LOUD-ALGO,LOUD/ALGO LP Token,6
472746595,Hedget Coin,HGC,9
473180477,Coffee Beans,BEAN,0
473315430,Crap,Crap,4
473317014,Tinyman Pool Crap-ALGO,Crap/ALGO LP Token,6
473522801,Tinyman Pool HGC-ALGO,HGC/ALGO LP Token,6
473747094,Tinyman Pool BEAN-ALGO,BEAN/ALGO LP Token,6
473850245,Bet Coin,BET,2
473885542,Tinyman Pool BET-ALGO,BET/ALGO LP Token,6
478549868,BirdBot,BIRDS,0
480797042,Tinyman Pool KGX-ALGO,KGX/ALGO LP Token,6
482661134,Tinyman Pool SOCKS-ALGO,SOCKS/ALGO LP Token,6
485419669,ALGO STUD,ASD,0
485528680,Tinyman Pool ASD-ALGO,ASD/ALGO LP Token,6
486423162,V.I.E.,VIE,2
486518073,Tinyman Pool VIE-ALGO,VIE/ALGO LP Token,6
487231904,The Grand Token,Grand,0
488516061,DIRTY COIN,DTC,2
489870497,Tinyman Pool DTC-ALGO,DTC/ALGO LP Token,6
490508385,AlgoChads THETA Token,THETA,0
490760204,üéÑHoliday MiracleüéÑ,HOHO,0
490771977,Tinyman Pool HOHO-ALGO,HOHO/ALGO LP Token,6
490997677,Tinyman Pool THETA-ALGO,THETA/ALGO LP Token,6
493895498,OATS,OATS,0
498684064,BULO Coin,BULO,2
498705616,Tinyman Pool BULO-ALGO,BULO/ALGO LP Token,6
498832999,ALGO BOX,ALGOBOX,0
499213551,MariCoin,MCOIN,3
501778173,Saturn Coin,RINGS,3
501816592,Tinyman Pool RINGS-ALGO,RINGS/ALGO LP Token,6
502775764,Tinyman Pool ALGOBOX-ALGO,ALGOBOX/ALGO LP Token,6
503269490,ü¶ÑUnicornü¶Ñ,UNI,0
503272230,Tinyman Pool UNI-ALGO,UNI/ALGO LP Token,6
503546178,InfiniToken,‚àû,0
503557302,Tinyman Pool ‚àû-ALGO,‚àû/ALGO LP Token,6
505342877,GMEme,GMEme,6
505408291,Tinyman Pool GMEme-ALGO,GMEme/ALGO LP Token,6
507297850,Token of Hope,tHOPE,4
507472097,Inu Moo,INUMOO,0
507967063,THE SLEEPING GIANT,tSG,3
508024083,Tinyman Pool tSG-ALGO,tSG/ALGO LP Token,6
508041386,Tinyman Pool BIRDS-ALGO,BIRDS/ALGO LP Token,6
508742930,Tinyman Pool tHOPE-ALGO,tHOPE/ALGO LP Token,6
509549919,AltASACrew,AltASA,0
509610485,Tinyman Pool AltASA-ALGO,AltASA/ALGO LP Token,6
509679174,üçî SpongeBob SquarePants üçî,Patties,3
509697654,Tinyman Pool Patties-ALGO,Patties/ALGO LP Token,6
509808838,Webblen,WBLN,6
510150438,Udon Token,UDON,0
510184360,Tinyman Pool UDON-ALGO,UDON/ALGO LP Token,6
510376540,AlgoTours,ATS,0
511028589,Jim Coin,Jimmy,4
511125027,ALGORAND FREE COIN,AFC,0
511136665,Tinyman Pool AFC-ALGO,AFC/ALGO LP Token,6
511252265,DIME TIME,DT,1
511253919,Tinyman Pool DT-ALGO,DT/ALGO LP Token,6
511484048,AlgoStake,STKE,2
511491168,CujoToken,Cujo,2
511499202,Tinyman Pool Cujo-ALGO,Cujo/ALGO LP Token,6
512064370,Tinyman Pool AL-ALGO,AL/ALGO LP Token,6
512400262,Hodl Token,HODL,0
512405411,Tinyman Pool HODL-ALGO,HODL/ALGO LP Token,6
513016520,Stonks,STK,8
513228278,AlgoNFT,ANFT,0
513231064,Tinyman Pool ANFT-ALGO,ANFT/ALGO LP Token,6
513441099,Axel Rewards,AxelR,2
513441888,Tinyman Pool AxelR-ALGO,AxelR/ALGO LP Token,6
513973955,Tada,Magic,0
513976616,Tinyman Pool Magic-ALGO,Magic/ALGO LP Token,6
513977174,Tinyman Pool ATS-ALGO,ATS/ALGO LP Token,6
514312784,Tinyman Pool OATS-ALGO,OATS/ALGO LP Token,6
514665903,Based Token,BASED,0
514666726,Tinyman Pool BASED-ALGO,BASED/ALGO LP Token,6
515424632,Algo inu,Inu,0
515516322,Tinyman Pool MFrog-ALGO,MFrog/ALGO LP Token,6
515925069,Tinyman Pool Inu-ALGO,Inu/ALGO LP Token,6
516463330,Tinyman Pool ALGF-ALGO,ALGF/ALGO LP Token,6
516755903,ZEUS PROTOCOL,ZEUS,0
516760578,Tinyman Pool ZEUS-ALGO,ZEUS/ALGO LP Token,6
517076117,Shiba Snacks,SNACK,0
517674026,McDonalds,BURGER,2
517681683,Tinyman Pool BURGER-ALGO,BURGER/ALGO LP Token,6
518480210,SnoopDoge,SNOOP,0
518842364,Trilemma 2022,KABOOM,0
522446058,Neutral Token,NTR,0
523603040,AlgoAcid,acid,0
523683256,AKITA INU,AKTA,6
526382283,DEFINITE,Defi,0
527432209,Akita 0008,AKC0008,0
542525085,AlgoMolly,$Molly,0
542874179,Freckle,FRKL,6
544217506,Spindle Yarn,YARN,6
547104965,AlgoRush,ARH,1
552011975,Algonauts,Algonaut,6
552642388,TinymanPool1.1 ACORN-ALGO,ACORN/ALGO LP Token,6
552647097,TinymanPool1.1 USDC-ALGO,USDC/ALGO LP Token,6
552655440,TinymanPool1.1 YLDY-ALGO,YLDY/ALGO LP Token,6
552658789,TinymanPool1.1 LTBX-ALGO,LTBX/ALGO LP Token,6
552658840,TinymanPool1.1 SVANSY-ALGO,SVANSY/ALGO LP Token,6
552658920,TinymanPool1.1 TREES-ALGO,TREES/ALGO LP Token,6
552658993,TinymanPool1.1 11mike10-ALGO,11mike10/ALGO LP Token,6
552659015,TinymanPool1.1 Nekos-ALGO,Nekos/ALGO LP Token,6
552659053,TinymanPool1.1 AO-ALGO,AO/ALGO LP Token,6
552659185,TinymanPool1.1 MOONBOI-ALGO,MOONBOI/ALGO LP Token,6
552659276,TinymanPool1.1 ASASTATS-ALGO,ASASTATS/ALGO LP Token,6
552659376,TinymanPool1.1 DP69-ALGO,DP69/ALGO LP Token,6
552660387,TinymanPool1.1 FISH-ALGO,FISH/ALGO LP Token,6
552660994,TinymanPool1.1 CRSD-ALGO,CRSD/ALGO LP Token,6
552661026,TinymanPool1.1 TINY-ALGO,TINY/ALGO LP Token,6
552661375,TinymanPool1.1 DPANDA-ALGO,DPANDA/ALGO LP Token,6
552661496,TinymanPool1.1 GP-ALGO,GP/ALGO LP Token,6
552661953,TinymanPool1.1 XBULL-ALGO,XBULL/ALGO LP Token,6
552662141,TinymanPool1.1 AKTA-ALGO,AKTA/ALGO LP Token,6
552662244,TinymanPool1.1 DEGEN-ALGO,DEGEN/ALGO LP Token,6
552662644,TinymanPool1.1 KFL-ALGO,KFL/ALGO LP Token,6
552664290,TinymanPool1.1 KTNC-ALGO,KTNC/ALGO LP Token,6
552664557,TinymanPool1.1 ToolsX-ALGO,ToolsX/ALGO LP Token,6
552665159,TinymanPool1.1 chip-ALGO,chip/ALGO LP Token,6
552665353,TinymanPool1.1 ARH-ALGO,ARH/ALGO LP Token,6
552665704,TinymanPool1.1 SOCKS-ALGO,SOCKS/ALGO LP Token,6
552666290,TinymanPool1.1 STBL-ALGO,STBL/ALGO LP Token,6
552667087,TinymanPool1.1 OPUL-ALGO,OPUL/ALGO LP Token,6
552668464,TinymanPool1.1 FLAMINGO-ALGO,FLAMINGO/ALGO LP Token,6
552670638,TinymanPool1.1 ARSx-ALGO,ARSx/ALGO LP Token,6
552679126,TinymanPool1.1 Tacos-ALGO,Tacos/ALGO LP Token,6
552679448,TinymanPool1.1 GEMS-ALGO,GEMS/ALGO LP Token,6
552679506,TinymanPool1.1 FAME-ALGO,FAME/ALGO LP Token,6
552679552,TinymanPool1.1 goBTC-ALGO,goBTC/ALGO LP Token,6
552680681,TinymanPool1.1 THETA-ALGO,THETA/ALGO LP Token,6
552686074,TinymanPool1.1 Planets-ALGO,Planets/ALGO LP Token,6
552686581,TinymanPool1.1 AKITA-ALGO,AKITA/ALGO LP Token,6
552687530,TinymanPool1.1 DEFLY-ALGO,DEFLY/ALGO LP Token,6
552690161,TinymanPool1.1 STKE-ALGO,STKE/ALGO LP Token,6
552697680,TinymanPool1.1 Inu-ALGO,Inu/ALGO LP Token,6
552697780,TinymanPool1.1 BIRDS-ALGO,BIRDS/ALGO LP Token,6
552701368,TinymanPool1.1 ALCH-ALGO,ALCH/ALGO LP Token,6
552706313,TinymanPool1.1 HDL-ALGO,HDL/ALGO LP Token,6
552706755,TinymanPool1.1 FRKL-ALGO,FRKL/ALGO LP Token,6
552719953,TinymanPool1.1 USDt-ALGO,USDt/ALGO LP Token,6
552721091,TinymanPool1.1 RIO-ALGO,RIO/ALGO LP Token,6
552722020,TinymanPool1.1 goETH-ALGO,goETH/ALGO LP Token,6
552737483,TinymanPool1.1 Choice-ALGO,Choice/ALGO LP Token,6
552741305,TinymanPool1.1 SHSA-ALGO,SHSA/ALGO LP Token,6
552741742,TinymanPool1.1 ARCC-ALGO,ARCC/ALGO LP Token,6
552742767,TinymanPool1.1 DEAF-ALGO,DEAF/ALGO LP Token,6
552742914,TinymanPool1.1 BULO-ALGO,BULO/ALGO LP Token,6
552743204,TinymanPool1.1 XET-ALGO,XET/ALGO LP Token,6
552753155,TinymanPool1.1 CNOTE-ALGO,CNOTE/ALGO LP Token,6
552757556,TinymanPool1.1 Block-ALGO,Block/ALGO LP Token,6
552776071,TinymanPool1.1 Doggo-ALGO,Doggo/ALGO LP Token,6
552778315,TinymanPool1.1 KITSU-ALGO,KITSU/ALGO LP Token,6
552808577,TinymanPool1.1 aSHIB-ALGO,aSHIB/ALGO LP Token,6
552848579,TinymanPool1.1 Pup-ALGO,Pup/ALGO LP Token,6
552884104,TinymanPool1.1 RDINI-ALGO,RDINI/ALGO LP Token,6
552894836,TinymanPool1.1 BASED-ALGO,BASED/ALGO LP Token,6
552921263,TinymanPool1.1 rUSD-ALGO,rUSD/ALGO LP Token,6
552946222,TinymanPool1.1 AFD-ALGO,AFD/ALGO LP Token,6
552965686,TinymanPool1.1 AL-ALGO,AL/ALGO LP Token,6
553039820,TinymanPool1.1 Finite-ALGO,Finite/ALGO LP Token,6
553099705,TinymanPool1.1 VIE-ALGO,VIE/ALGO LP Token,6
553112892,TinymanPool1.1 $Molly-ALGO,$Molly/ALGO LP Token,6
553120584,TinymanPool1.1 acid-ALGO,acid/ALGO LP Token,6
553153011,TinymanPool1.1 REX -ALGO,REX /ALGO LP Token,6
553187731,TinymanPool1.1 $Bird-ALGO,$Bird/ALGO LP Token,6
553254635,TinymanPool1.1 ANML-ALGO,ANML/ALGO LP Token,6
553266644,TinymanPool1.1 aDOGE-ALGO,aDOGE/ALGO LP Token,6
553385296,TinymanPool1.1 NT-ALGO,NT/ALGO LP Token,6
553486215,TinymanPool1.1 BUY-ALGO,BUY/ALGO LP Token,6
553488666,TinymanPool1.1 tHOPE-ALGO,tHOPE/ALGO LP Token,6
553569058,TinymanPool1.1 TDOG-ALGO,TDOG/ALGO LP Token,6
553584944,TinymanPool1.1 Jimmy-ALGO,Jimmy/ALGO LP Token,6
553607574,TinymanPool1.1 BANAAN-ALGO,BANAAN/ALGO LP Token,6
553629214,TinymanPool1.1 Puddin-ALGO,Puddin/ALGO LP Token,6
553656096,KarbonX,KBX,8
553665492,TinymanPool1.1 SNACK-ALGO,SNACK/ALGO LP Token,6
553747962,TinymanPool1.1 STC-ALGO,STC/ALGO LP Token,6
553838965,TinymanPool1.1 Vote-ALGO,Vote/ALGO LP Token,6
553864467,TinymanPool1.1 MAGM-ALGO,MAGM/ALGO LP Token,6
553865914,TinymanPool1.1 SHMCKL-ALGO,SHMCKL/ALGO LP Token,6
553931161,TinymanPool1.1 ALC-ALGO,ALC/ALGO LP Token,6
554028152,TinymanPool1.1 BOOBS-ALGO,BOOBS/ALGO LP Token,6
554633918,Leaf,Leaf,0
554901892,ESCROW LAB,ESC LAB,0
554905595,TinymanPool1.1 ESC LAB-ALGO,ESC LAB/ALGO LP Token,6
555540865,80Acres,ACRES,6
555548171,TinymanPool1.1 ACRES-ALGO,ACRES/ALGO LP Token,6
555679080,TinymanPool1.1 STK-ALGO,STK/ALGO LP Token,6
556231427,TinymanPool1.1 ZENI-ALGO,ZENI/ALGO LP Token,6
558978094,Vybe,VYBE,5
559219992,Octorand,OCTO,6
559611833,Survive The Dip,STD,4
559644665,TinymanPool1.1 STD-ALGO,STD/ALGO LP Token,6
560039769,Drakk,$Drakk,6
560619748,Baby-Algo,BBA,5
561127431,Joy,JOY,6
562170135,TinymanPool1.1 OCTO-ALGO,OCTO/ALGO LP Token,6
562263934,TinymanPool1.1 BBA-ALGO,BBA/ALGO LP Token,6
562993783,TinymanPool1.1 SNOOP-ALGO,SNOOP/ALGO LP Token,6
565978680,AlgoUs,ALUS,0
566000201,TinymanPool1.1 ALUS-ALGO,ALUS/ALGO LP Token,6
566278875,TinymanPool1.1 Squid-ALGO,Squid/ALGO LP Token,6
566400704,TinymanPool1.1 KABOOM-ALGO,KABOOM/ALGO LP Token,6
566404725,Rebalance,RE-BAL,4
566406493,TinymanPool1.1 RE-BAL-ALGO,RE-BAL/ALGO LP Token,6
566412903,TinymanPool1.1 VINS-ALGO,VINS/ALGO LP Token,6
568203448,Algo Liquidity,ALIQ,8
568231419,TinymanPool1.1 ALIQ-ALGO,ALIQ/ALGO LP Token,6
568879303,Karen Coin,KRN,9
568882511,TinymanPool1.1 KRN-ALGO,KRN/ALGO LP Token,6
569120128,AlgoScout Token,SCOUT,6
569810196,TinymanPool1.1 SCOUT-ALGO,SCOUT/ALGO LP Token,6
570843612,TinymanPool1.1 JOY-ALGO,JOY/ALGO LP Token,6
571739694,TinymanPool1.1 NTR-ALGO,NTR/ALGO LP Token,6
572492192,MPC,MPC,0
572918686,TinymanPool1.1 $Drakk-ALGO,$Drakk/ALGO LP Token,6
573138755,TinymanPool1.1 HEDGE-ALGO,HEDGE/ALGO LP Token,6
574066664,TinymanPool1.1 MPC-ALGO,MPC/ALGO LP Token,6
575767998,universal intelligence,UI,6
575778787,TinymanPool1.1 UI-ALGO,UI/ALGO LP Token,6
577324308,shitcoinMutual,ohshit,10
577327596,TinymanPool1.1 ohshit-ALGO,ohshit/ALGO LP Token,6
578548993,Revolution,REVO,0
584700671, BLACK_DOG_ASA,BDOG,0
587196559,Virtual Space DAO,VSDAO,1
588594684,TinymanPool1.1 ZONE-ALGO,ZONE/ALGO LP Token,6
589554530,TinymanPool1.1 VSDAO-ALGO,VSDAO/ALGO LP Token,6
590418064,algold finance,ALD,1
593629854,BabyKishuASA,BKISHU,6
593826822,MADIBA Coin,MADIBA,9
593831451,TinymanPool1.1 MADIBA-ALGO,MADIBA/ALGO LP Token,6
594583251,TinymanPool1.1 Defi-ALGO,Defi/ALGO LP Token,6
596939264,Foible,FOI,4
599353909,TinymanPool1.1 BKISHU-ALGO,BKISHU/ALGO LP Token,6
601736163,Legal Tender ,LGL,3
601869786,TinymanPool1.1 LGL-ALGO,LGL/ALGO LP Token,6
601894079,Dark Coin,DC,0
601895843,TinymanPool1.1 DC-ALGO,DC/ALGO LP Token,6
605975979,AF-POOL-ALGO-USDC-25.0BP,USDC/ALGO LP Token,6
607501544,TinymanPool1.1 Templars-ALGO,Templars/ALGO LP Token,6
607591690,Glitter Finance,XGLI,6
607645566,AF-POOL-ALGO-STBL-25.0BP,STBL/ALGO LP Token,6
607660238,AF-POOL-ALGO-goETH-25.0BP,goETH/ALGO LP Token,6
607664437,AF-POOL-ALGO-goBTC-25.0BP,goBTC/ALGO LP Token,6
607668499,AF-POOL-ALGO-YLDY-75.0BP,YLDY/ALGO LP Token,6
607685319,AF-POOL-ALGO-DEFLY-75.0BP,DEFLY/ALGO LP Token,6
607686846,AF-POOL-ALGO-AKTA-75.0BP,AKTA/ALGO LP Token,6
607696609,AF-POOL-ALGO-HDL-75.0BP,HDL/ALGO LP Token,6
607706726,AF-POOL-ALGO-chip-75.0BP,chip/ALGO LP Token,6
610886011,Veterand,VETS,6
611223794,AF-POOL-ALGO-Choice-75.0BP,Choice/ALGO LP Token,6
611314928,AF-POOL-ALGO-BIRDS-75.0BP,BIRDS/ALGO LP Token,6
611333919,AF-POOL-ALGO-XET-75.0BP,XET/ALGO LP Token,6
612770026,Royal Token,ROYAL,5
612898037,AF-POOL-ALGO-USDt-75.0BP,USDt/ALGO LP Token,6
612932116,AF-POOL-ALGO-GEMS-75.0BP,GEMS/ALGO LP Token,6
613194511,AF-POOL-ALGO-USDC-75.0BP,USDC/ALGO LP Token,6
613209777,AF-POOL-ALGO-Planets-75.0BP,Planets/ALGO LP Token,6
613211078,AF-POOL-ALGO-OPUL-75.0BP,OPUL/ALGO LP Token,6
613211464,AF-POOL-ALGO-ACORN-75.0BP,ACORN/ALGO LP Token,6
613217180,AF-POOL-ALGO-USDt-25.0BP,USDt/ALGO LP Token,6
613236281,AF-POOL-ALGO-Block-75.0BP,Block/ALGO LP Token,6
613340069,AF-POOL-ALGO-Tacos-75.0BP,Tacos/ALGO LP Token,6
613403214,TinymanPool1.1 ROYAL-ALGO,ROYAL/ALGO LP Token,6
616291097,TinymanPool1.1 Leaf-ALGO,Leaf/ALGO LP Token,6
620996279,ALGO/USDC PACT LP Token,USDC/ALGO LP Token,6
621156345,ALGO/SMILE PACT LP Token,SMILE/ALGO LP Token,6
621289418,ALGO/DEFLY PACT LP Token,DEFLY/ALGO LP Token,6
621737243,ALGO/TINY PACT LP Token,TINY/ALGO LP Token,6
622162868,ALGO/Grand PACT LP Token,Grand/ALGO LP Token,6
627874825,TinymanPool1.1 BDOG-ALGO,BDOG/ALGO LP Token,6
628705581,ALGO/ZONE PACT LP Token,ZONE/ALGO LP Token,6
630967706,BLACK_DOG_ASA2,BDOG2,6
631519730,TinymanPool1.1 BDOG2-ALGO,BDOG2/ALGO LP Token,6
634476907,AF-POOL-ALGO-MAGM-75.0BP,MAGM/ALGO LP Token,6
635146861,ALGO/OPUL PACT LP Token,OPUL/ALGO LP Token,6
638262641,AF-POOL-ALGO-Finite-75.0BP,Finite/ALGO LP Token,6
638594993,KaniCoin,KANI,6
639541661,ALGO/YLDY PACT LP Token,YLDY/ALGO LP Token,6
640482083,AF-POOL-ALGO-ZONE-75.0BP,ZONE/ALGO LP Token,6
641982013,TinymanPool1.1 FOI-ALGO,FOI/ALGO LP Token,6
645870723,ALGO/goETH PACT LP Token,goETH/ALGO LP Token,6
646077684,TinymanPool1.1 FLT-ALGO,FLT/ALGO LP Token,6
6547014,Meld Gold,MCAU,5
659240761,TinymanPool1.1 XGLI-ALGO,XGLI/ALGO LP Token,6
659492181,ALGO/Vote PACT LP Token,Vote/ALGO LP Token,6
659541796,ALGO/USDt PACT LP Token,USDt/ALGO LP Token,6
659678778,AF-NANO-POOL-USDt-USDC,AF-POOL,6
661744948,ALGO/goBTC PACT LP Token,goBTC/ALGO LP Token,6
662112575,ALGO/USDC PACT LP Token,USDC/ALGO LP Token,6
662944042,ALGO/STKE PACT LP Token,STKE/ALGO LP Token,6
664835113,ALGO/TINY PACT LP Token,TINY/ALGO LP Token,6
665087362,ALGO/OCTO PACT LP Token,OCTO/ALGO LP Token,6
667170715,ALGO/USDt PACT LP Token,USDt/ALGO LP Token,6
672913181,goUSD,goUSD,6
674925395,Gradian,GRAD,5
675103894,ALGO/DEFLY PACT LP Token,PLP,6
679928879,TinymanPool1.1 goMINT-ALGO,goMINT/ALGO LP Token,6
680611637,AF-POOL-ALGO-goMINT-25.0BP,goMINT/ALGO LP Token,6
681062106,ALGO/GEMS PACT LP Token,GEMS/ALGO LP Token,6
682482665,ALGO/goMINT PACT LP Token,goMINT/ALGO LP Token,6
684649988,GARD,GARD,6
685791182,TinymanPool1.1 GARD-ALGO,GARD/ALGO LP Token,6
689171215,Doubloon,DUB,6
692053718,ALGO/GARD PACT LP Token,GARD/ALGO LP Token,6
692432647,GARDIAN,GARDIAN,0
692543828,TinymanPool1.1 DUB-ALGO,DUB/ALGO LP Token,6
694432641,Governance Algo 3,gALGO3,6
694683000,TinymanPool1.1 gALGO3-ALGO,gALGO3/ALGO LP Token,6
696203575,AF-POOL-ALGO-ROYAL-75.0BP,ROYAL/ALGO LP Token,6
700965019,Vestige,VEST,6
701009444,TinymanPool1.1 VEST-ALGO,VEST/ALGO LP Token,6
710787682,SVANSY #1 Fan,AACC,6
711435906,ALGO/VEST PACT LP Token,VEST/ALGO LP Token,6
712012773,Cometa,META,6
714154881,ALGO/DUB PACT LP Token,DUB/ALGO LP Token,6
714763450,Commie Coin,COMMIE,3
714773890,Ghost,GHOST,4
715261578,mStable Governance Token: Meta,MTA,4
715261983,TinymanPool1.1 MTA-ALGO,MTA/ALGO LP Token,6
716664223,TinymanPool1.1 COMMIE-ALGO,COMMIE/ALGO LP Token,6
719923979,Linx Token,LINX,0
721269906,TinymanPool1.1 META-ALGO,META/ALGO LP Token,6
722955559,DeCHO Loyalty Token ASA,DeLTA,2
723646517,3D Tree NFT #01 - CryptoTrees,3DTREE01,0
723769170,ALGO/AKTA PACT LP Token,AKTA/ALGO LP Token,6
724480511,Algodex Token,ALGX,6
725581942,TinymanPool1.1 DeLTA-ALGO,DeLTA/ALGO LP Token,6
726685511,TinymanPool1.1 GARDIAN-ALGO,GARDIAN/ALGO LP Token,6
743252933,001A - Good Morning,BFV001A,0
743695671,Koala Coin,KOCO,8
743697107,TinymanPool1.1 KOCO-ALGO,KOCO/ALGO LP Token,6
744665252,pTokens BTC,pBTC,8
745410378,‚¨§‚îÅ‚¨§‚îÅ‚¨§,algodots,7
746483125,TinymanPool1.1 algodots-ALGO,algodots/ALGO LP Token,6
747571462,Pixel Inu #550,PI550,0
747635241,Day By Day,DBD,6
747696628,3D Tree NFT #05 - CryptoTrees,3DTREE05,0
751761843,Pixel Squirrels #5542,PS05542,0
752850639,PW:Credit,PWCREDIT,6
753137719,ButtCoin,Butts,0
753241364,TinymanPool1.1 Butts-ALGO,Butts/ALGO LP Token,6
753890862,Prisms,PRSMS,0
755762631,IBEWcoin,IBEW,0
755768888,TinymanPool1.1 IBEW-ALGO,IBEW/ALGO LP Token,6
756009422,PlatinumJubileeASA,PlatJub,0
756142886,OperationCoin,OC,0
756183049,TinymanPool1.1 OC-ALGO,OC/ALGO LP Token,6
756578163,Moist Grannies,MOIST,0
756579044,TinymanPool1.1 MOIST-ALGO,MOIST/ALGO LP Token,6
757013746,X Coin,XCOIN,0
757015530,TinymanPool1.1 XCOIN-ALGO,XCOIN/ALGO LP Token,6
758090502,PeliCoin,PLCN,0
758832630,TinymanPool1.1 LINX-ALGO,LINX/ALGO LP Token,6
760037151,xUSD,xUSD,6
760338517,TinymanPool1.1 ALGX-ALGO,ALGX/ALGO LP Token,6
760346013,ALGO/ALGX PACT LP Token,ALGX/ALGO LP Token,6
760824018,AF-POOL-ALGO-ALGX-75.0BP,ALGX/ALGO LP Token,6
761071898,ALGO/Butts PACT LP Token,Butts/ALGO LP Token,6
761213871,ThatsWhatSheSaid,BigCoin,0
761216700,TinymanPool1.1 BigCoin-ALGO,BigCoin/ALGO LP Token,6
762747160,Doggy,Doggy,0
762752092,TinymanPool1.1 Doggy-ALGO,Doggy/ALGO LP Token,6
765171236,Heepow Token,GRASS,8
766576819,TinymanPool1.1 GRASS-ALGO,GRASS/ALGO LP Token,6
769556781,QR Credits,QRC,4
769615857,TinymanPool1.1 QRC-ALGO,QRC/ALGO LP Token,6
772212313,Rev,REV,0
772215309,TinymanPool1.1 REV-ALGO,REV/ALGO LP Token,6
773172677,Humble Swap - chip/ALGO LP Token,chip/ALGO LP Token,6
773272335,Algorand MainNet 3 Years Old,3YrsALGO,0
773632446,ASAinvestor,ASAi,3
775399960,ruggies ,RUGS,7
776405295,ALGO/$Drakk PACT LP Token,$Drakk/ALGO LP Token,6
776435076,TinymanPool1.1 KBX-ALGO,KBX/ALGO LP Token,6
776638677,AF-POOL-ALGO-KBX-25.0BP,KBX/ALGO LP Token,6
776678944,The Mexican National Peso,PESOS,0
776679982,TinymanPool1.1 PESOS-ALGO,PESOS/ALGO LP Token,6
777623570,Humble Swap - YLDY/ALGO LP Token,YLDY/ALGO LP Token,6
777628481,Humble Swap - USDC/ALGO LP Token,USDC/ALGO LP Token,6
777639947,Humble Swap - USDt/ALGO LP Token,USDt/ALGO LP Token,6
777643863,Humble Swap - OPUL/ALGO LP Token,OPUL/ALGO LP Token,6
777663532,Humble Swap - goBTC/ALGO LP Token,goBTC/ALGO LP Token,6
777673834,Humble Swap - WBLN/ALGO LP Token,WBLN/ALGO LP Token,6
777747781,Humble Swap - VEST/ALGO LP Token,VEST/ALGO LP Token,6
777747959,Love,INLOVE,2
777753836,TinymanPool1.1 INLOVE-ALGO,INLOVE/ALGO LP Token,6
778032204,Humble Swap - DEFLY/ALGO LP Token,DEFLY/ALGO LP Token,6
779141373,Humble Swap - STKE/ALGO LP Token,STKE/ALGO LP Token,6
779142878,Humble Swap - goMINT/ALGO LP Token,goMINT/ALGO LP Token,6
779144639,Humble Swap - ALCH/ALGO LP Token,ALCH/ALGO LP Token,6
779148648,Humble Swap - GEMS/ALGO LP Token,GEMS/ALGO LP Token,6
779149943,Humble Swap - SMILE/ALGO LP Token,SMILE/ALGO LP Token,6
779656098,Humble Swap - Tacos/ALGO LP Token,Tacos/ALGO LP Token,6
780434458,Humble Swap - XET/ALGO LP Token,XET/ALGO LP Token,6
782285248,Xoge,Xoge,0
783066499,IceVolt Clean Energy Credits,ICE,4
783216340,Humble Swap - HDL/ALGO LP Token,HDL/ALGO LP Token,6
783345876,Humble Swap - AKTA/ALGO LP Token,AKTA/ALGO LP Token,6
784255553,Omega Token,OMGA,2
784577906,Humble Swap - LTBX/ALGO LP Token,LTBX/ALGO LP Token,6
785886770,TinymanPool1.1 pBTC-ALGO,pBTC/ALGO LP Token,6
787300351,Humble Swap - Planets/ALGO LP Token,Planets/ALGO LP Token,6
790440985,Humble Swap - GARD/ALGO LP Token,GARD/ALGO LP Token,6
790704501,roobies,ROOBZ,4
792313023,Wrapped SOL,xSOL,9
793124631,Governance Algo,gALGO,6
794221631,Lava River at Night,AIART008,0
794420014,ALGO/MOIST PACT LP Token,MOIST/ALGO LP Token,6
794422237,AF-POOL-ALGO-MOIST-75.0BP,MOIST/ALGO LP Token,6
794422742,Humble Swap - MOIST/ALGO LP Token,MOIST/ALGO LP Token,6
794509175,AI ALGO Coin,AIAL,3
794708849,TinymanPool1.1 gALGO-ALGO,gALGO/ALGO LP Token,6
794882756,ALGO/gALGO PACT LP Token,gALGO/ALGO LP Token,6
796189305,Humble Swap - Planets/ALGO LP Token,Planets/ALGO LP Token,6
796425061,Coop Coin,COOP,6
796490640,Shitty Kitty Treats,TREAT,0
798087640,CYBER PORTAL #3,PORTAL#3,0
799191710,Digital Money Gold RUB,GRUB,6
799230408,TinymanPool1.1 GRUB-ALGO,GRUB/ALGO LP Token,6
799264095,Devil #266,DEV-266,0
800098238,Grace Coin,$Gcoin,4
801614200,ALGO/GARD PACT LP Token,GARD/ALGO LP Token,6
805141097,Humble Swap - gALGO/ALGO LP Token,gALGO/ALGO LP Token,6
805296332,"Neon Dreamcatcher, Electric",AIART021,0
805614002,Wormhole Algorand,WORMHOLE,3
805615907,TinymanPool1.1 WORMHOLE-ALGO,WORMHOLE/ALGO LP Token,6
805930541,Humble Swap - WORMHOLE/ALGO LP Token,WORMHOLE/ALGO LP Token,6
807691608,DLDH Trading,TEAR,5
810072627,Humble Swap - GHOST/ALGO LP Token,GHOST/ALGO LP Token,6
810332002,TinymanPool1.1 Xoge-ALGO,Xoge/ALGO LP Token,6
810984572,ALGO/Block PACT LP Token,Block/ALGO LP Token,6
810992025,Humble Swap - Block/ALGO LP Token,Block/ALGO LP Token,6
811068030,Humble Swap - Xoge/ALGO LP Token,Xoge/ALGO LP Token,6
811721471,Experience,EXP,0
812158311,USDeezNutz,USDN,2
812172391,TinymanPool1.1 USDN-ALGO,USDN/ALGO LP Token,6
812383965,Keys To Paradise,AI-KTP,0
812389808,Railroad Ruins,AI-RR,0
812516928,Big Poppa,Bullüêï,6
813838058,AF-POOL-ALGO-gALGO-25.0BP,gALGO/ALGO LP Token,6
813913523,Svansy TC: 2485 C,SVTC006C,0
816537540,TinymanPool1.1 Bullüêï-ALGO,Bullüêï/ALGO LP Token,6
818179690,AF-BANK-ALGO-STANDARD,AF-BANK,6
818182311,AF-BANK-USDC-STANDARD,AF-BANK,6
818184214,AF-BANK-goBTC-STANDARD,AF-BANK,6
818188553,AF-BANK-goETH-STANDARD,AF-BANK,6
818190568,AF-BANK-USDt-STANDARD,AF-BANK,6
818432243,Dharma Network,DHARM,8
819195718,TinymanPool1.1 DHARM-ALGO,DHARM/ALGO LP Token,6
821868103,Humble Swap - XGLI/ALGO LP Token,XGLI/ALGO LP Token,6
822571357,Humble Swap - xSOL/ALGO LP Token,xSOL/ALGO LP Token,6
829992960,Bartle Doo,BD,6
829993892,Humble Swap - BD/ALGO LP Token,BD/ALGO LP Token,6
830000752,TinymanPool1.1 BD-ALGO,BD/ALGO LP Token,6
833006671,Grateful~Gangsters,G$G,0
833016107,Grateful~Gangsters,G$G,0
833026121,Liquid~Gangsters,L$G,0
833035815,Humble Swap - G$G/ALGO LP Token,G$G/ALGO LP Token,6
833039910,Humble Swap - L$G/ALGO LP Token,L$G/ALGO LP Token,6
833815143,Cook,COOK,0
833907061,TinymanPool1.1 COOK-ALGO,COOK/ALGO LP Token,6
835509686,TateCoin ASA,TOPG,0
835610076,Humble Swap - goUSD/ALGO LP Token,goUSD/ALGO LP Token,6
836327237,Taiwan Number one,Taiwan#1,0
836327840,TinymanPool1.1 Taiwan#1-ALGO,Taiwan#1/ALGO LP Token,6
836624128,GOLD$/goUSD PACT LP Token,PLP,6
837493692,TinymanPool1.1 TOPG-ALGO,TOPG/ALGO LP Token,6
840067182,Humble Swap - EXP/ALGO LP Token,EXP/ALGO LP Token,6
840781649,TinymanPool1.1 DBD-ALGO,DBD/ALGO LP Token,6
841126810,STBL2,STBL2,6
841157954,AF-BANK-STBL2-STABLE,AF-BANK,6
841171328,AF-NANO-POOL-AF-BANK-AF-BANK,AF-POOL,6
841320874,More Coins=Bigger Penis,Inches ,3
841462373,AF-BANK-AF-POOL-LP,AF-BANK,6
843464232,All ASAs are useless,USELESS,0
843465312,TinymanPool1.1 USELESS-ALGO,USELESS/ALGO LP Token,6
844362899,Bill Cosby Coin,Rapes,0
845243928,Crustacean in Formalwear,AIART039,0
845244535,Dystopian Jungle,AIART040,0
847159007,Saint 0008,BBS0008,0
847371226,Humble Swap - DHARM/ALGO LP Token,DHARM/ALGO LP Token,6
847772131,Flipping Algos NFT Access Key,FLIPALGO,0
848334598,Wildlife Warrior Koala #845,WWK#845,0
849918866,Galactic Ballet #11,gal 11,0
851819355,Humble Swap - ALGX/ALGO LP Token,ALGX/ALGO LP Token,6
855263537,Official WW NFT Holder - Koala,WWH-KD1,0
855717054,AF-POOL-AF-BANK-AF-BANK,AF-POOL,6
855885596,ALGO/GARD PACT LP Token,GARD/ALGO LP Token,6
859603125,Blockies #6122,BLOC6122,0
859626698,Blockies #7295,BLOC7295,0
859657049,Blockies #9554,BLOC9554,0
859985231,CoffeeBits Bather #3219,BATH3219,0
861229017,TinymanPool1.1 HS-ALGO,HS/ALGO LP Token,6
862059051,Class Tokens,WCT,4
869098323,Justcoin,JST,0
869147369,TinymanPool1.1 JST-ALGO,JST/ALGO LP Token,6
870150187,AF-POOL-AF-BANK-AF-BANK,AF-POOL,6
870151164,AF-POOL-AF-BANK-AF-BANK,AF-POOL,6
872378201,SockBot V1 No. 2075,SB2075,0
873540530,GoldApesClub,GAC,8
875537962,Brontos Token,BT,0
877703456,AlcheGold,AGOLD,4
878359321,Humble Swap - DBD/ALGO LP Token,DBD/ALGO LP Token,6
880781241,AF-POOL-ALGO-DBD-75.0BP,DBD/ALGO LP Token,6
883095441,Nomi music token,NOM,6
883584774,HASH,HASH,3
885102318,USDC/goUSD [SI] PACT LP TKN,SIPLP,6
885835936,MembersOnly Token,MemO,3
886452112,Takos,TAKO,6
886550252,TinymanPool1.1 NOM-ALGO,NOM/ALGO LP Token,6
887406851,Wrapped Ether,WETH,8
887603603,Humble Swap - SOCKS/ALGO LP Token,SOCKS/ALGO LP Token,6
887648583,Wrapped SOL,SOL,8
891226062,Coo-Coo Token,COO,4
893309613,Wrapped AVAX,WAVAX,8
897649551,Denarii ,Dfi,0
900652777,BANK,BANK,6
900919286,AF-BANK-BANK-STANDARD,AF-BANK,6
905394996,Humble Swap - USDN/ALGO LP Token,USDN/ALGO LP Token,6
906628066,TinymanPool1.1 BANK-ALGO,BANK/ALGO LP Token,6
906656179,AF-POOL-ALGO-BANK-25.0BP,BANK/ALGO LP Token,6
906676618,TinymanPool1.1 GAC-ALGO,GAC/ALGO LP Token,6
906740539,ALGO/BANK PACT LP Token,BANK/ALGO LP Token,6
906747051,Humble Swap - BANK/ALGO LP Token,BANK/ALGO LP Token,6
909237163,Humble Swap - ALC/ALGO LP Token,ALC/ALGO LP Token,6
909942837,NK 0405,NK 0405,0
912829058,Stable Algo,STAL,6
912850636,TinymanPool1.1 STAL-ALGO,STAL/ALGO LP Token,6
913799044,Dossa Coin,Dossa,0
913819569,TinymanPool1.1 Dossa-ALGO,Dossa/ALGO LP Token,6
919889450,press.algo Token,PDAT,4
919950894,AF-POOL-AF-BANK-AF-BANK,AF-POOL,6
923640017,Indoor Air Quality,IAQ,2
924268058,FrysCrypto,FRY,6
928480220,TinymanPool1.1 FRY-ALGO,FRY/ALGO LP Token,6
928813733,Humble Swap - FRY/ALGO LP Token,FRY/ALGO LP Token,6
929761173,ALGO/FRY PACT LP Token,FRY/ALGO LP Token,6
933390689,Humble Swap - SVANSY/ALGO LP Token,SVANSY/ALGO LP Token,6
933973163,AlgoMonkeys Banana,BANANA,0
940424110,Game Master Token,GMT,0
941869201,Lil Demons #711,LD711,0
942958458,Omnicoin,OMNI,6
945252980,Humble Swap - BANANA/ALGO LP Token,BANANA/ALGO LP Token,6
947923645,XListUnicorn,XUT,0
947925789,TinymanPool1.1 XUT-ALGO,XUT/ALGO LP Token,6
957484854,deathOS,DEATHOS,8
958277442,gmtCOPPER,gmtC,0
958278659,gmtSILVER,gmtS,0
958279733,gmtGOLD,gmtG,0
958280887,gmtPLATINUM,gmtP,0
958324658,Directory ,DIR,3
958325871,TinymanPool1.1 DIR-ALGO,DIR/ALGO LP Token,6
962891427,Humble Swap - Jimmy/ALGO LP Token,Jimmy/ALGO LP Token,6
965358295,Estilo Azteca Woodcarvings #7,AI-AW7,0
965744572,MCAU/GOLD$ PACT LP Token,PLP,6
971381860,Folks V2 Algo,fALGO,6
971383839,Folks V2 Governance Algo,fgALGO,6
971384592,Folks V2 USDC,fUSDC,6
971385312,Folks V2 Tether USDt,fUSDt,6
971386173,Folks V2 goBTC,fgoBTC,8
971387073,Folks V2 goETH,fgoETH,8
975807033,INFLATOR,INFT,6
984420777,Defactor,FACTR,6
984470119,TinymanPool1.1 FACTR-ALGO,FACTR/ALGO LP Token,6
985089595,ALGO/gALGO [SI] PACT LP TKN,gALGO/ALGO LP Token,6
987374809,The Legend Projects,TLP,2
989729312,Humble Swap - G$G/ALGO LP Token,G$G/ALGO LP Token,6
